-- phpMyAdmin SQL Dump
-- version 5.2.0
-- https://www.phpmyadmin.net/
--
-- Host: localhost
-- Generation Time: Apr 09, 2023 at 08:38 AM
-- Server version: 8.0.32
-- PHP Version: 7.4.33

-- SET SQL_MODE = "NO_AUTO_VALUE_ON_ZERO";
-- START TRANSACTION;
-- SET time_zone = "+00:00";


--
-- Database: `geoapi`
--

-- --------------------------------------------------------

--
-- Table structure for table `district`
--

CREATE TABLE `district` (
  `id` int NOT NULL,
  `name` varchar(255) NOT NULL,
  `namebn` varchar(255) NOT NULL,
  `created_at` datetime(6) NOT NULL DEFAULT CURRENT_TIMESTAMP(6),
  `updated_at` datetime(6) NOT NULL DEFAULT CURRENT_TIMESTAMP(6) ON UPDATE CURRENT_TIMESTAMP(6),
  `division_id` int DEFAULT NULL,
  `lat` double DEFAULT '0',
  `long` double DEFAULT '0'
) ENGINE=InnoDB DEFAULT CHARSET=utf8mb4 COLLATE=utf8mb4_0900_ai_ci;

--
-- Dumping data for table `district`
--

INSERT INTO `district` (`id`, `name`, `namebn`, `created_at`, `updated_at`, `division_id`, `lat`, `long`) VALUES
(1, 'BARGUNA', 'বরগুনা', '2023-03-20 09:16:50.970016', '2017-02-14 15:55:15.000000', 1, NULL, NULL),
(2, 'BARISAL', 'বরিশাল', '2023-03-20 09:16:50.970016', '2023-03-20 09:16:50.970016', 1, NULL, NULL),
(3, 'BHOLA', 'ভোলা', '2023-03-20 09:16:50.970016', '2023-03-20 09:16:50.970016', 1, NULL, NULL),
(4, 'JHALOKATI', 'ঝালকাঠি', '2023-03-20 09:16:50.970016', '2023-03-20 09:16:50.970016', 1, NULL, NULL),
(5, 'PATUAKHALI', 'পটুয়াখালী ', '2023-03-20 09:16:50.970016', '2023-03-20 09:16:50.970016', 1, NULL, NULL),
(6, 'PIROJPUR', 'পিরোজপুর ', '2023-03-20 09:16:50.970016', '2023-03-20 09:16:50.970016', 1, NULL, NULL),
(7, 'BANDARBAN', 'বান্দরবান', '2023-03-20 09:16:50.970016', '2023-03-20 09:16:50.970016', 2, NULL, NULL),
(8, 'BRAHMANBARIA', 'ব্রাহ্মণবাড়িয়া', '2023-03-20 09:16:50.970016', '2023-03-20 09:16:50.970016', 2, NULL, NULL),
(9, 'CHANDPUR', 'চাঁদপুর', '2023-03-20 09:16:50.970016', '2023-03-20 09:16:50.970016', 2, NULL, NULL),
(10, 'CHITTAGONG', 'চট্টগ্রাম', '2023-03-20 09:16:50.970016', '2023-03-20 09:16:50.970016', 2, NULL, NULL),
(11, 'COMILLA', 'কুমিল্লা', '2023-03-20 09:16:50.970016', '2023-03-20 09:16:50.970016', 2, NULL, NULL),
(12, 'COX\'S BAZAR', 'কক্সবাজার ', '2023-03-20 09:16:50.970016', '2023-03-20 09:16:50.970016', 2, NULL, NULL),
(13, 'FENI', 'ফেনী', '2023-03-20 09:16:50.970016', '2023-03-20 09:16:50.970016', 2, NULL, NULL),
(14, 'KHAGRACHHARI', 'খাগড়াছড়ি', '2023-03-20 09:16:50.970016', '2023-03-20 09:16:50.970016', 2, NULL, NULL),
(15, 'LAKSHMIPUR', 'লক্ষ্মীপুর', '2023-03-20 09:16:50.970016', '2023-03-20 09:16:50.970016', 2, NULL, NULL),
(16, 'NOAKHALI', 'নোয়াখালী', '2023-03-20 09:16:50.970016', '2023-03-20 09:16:50.970016', 2, NULL, NULL),
(17, 'RANGAMATI', 'রাঙ্গামাটি', '2023-03-20 09:16:50.970016', '2023-03-20 09:16:50.970016', 2, NULL, NULL),
(18, 'DHAKA', 'ঢাকা ', '2023-03-20 09:16:50.970016', '2023-03-20 09:16:50.970016', 3, NULL, NULL),
(19, 'FARIDPUR', 'ফরিদপুর ', '2023-03-20 09:16:50.970016', '2023-03-20 09:16:50.970016', 3, NULL, NULL),
(20, 'GAZIPUR', 'গাজীপুর ', '2023-03-20 09:16:50.970016', '2023-03-20 09:16:50.970016', 3, NULL, NULL),
(21, 'GOPALGANJ', 'গোপালগঞ্জ', '2023-03-20 09:16:50.970016', '2023-03-20 09:16:50.970016', 3, NULL, NULL),
(22, 'JAMALPUR', 'জামালপুর ', '2023-03-20 09:16:50.970016', '2016-02-09 14:08:46.000000', 9, NULL, NULL),
(23, 'KISHOREGONJ', 'কিশোরগঞ্জ ', '2023-03-20 09:16:50.970016', '2023-03-20 09:16:50.970016', 3, NULL, NULL),
(24, 'MADARIPUR', 'মাদারীপুর ', '2023-03-20 09:16:50.970016', '2023-03-20 09:16:50.970016', 3, NULL, NULL),
(25, 'MANIKGANJ', 'মানিকগঞ্জ ', '2023-03-20 09:16:50.970016', '2023-03-20 09:16:50.970016', 3, NULL, NULL),
(26, 'MUNSHIGANJ', 'মুন্সিগঞ্জ ', '2023-03-20 09:16:50.970016', '2023-03-20 09:16:50.970016', 3, NULL, NULL),
(27, 'MYMENSINGH', 'ময়মনসিংহ ', '2023-03-20 09:16:50.970016', '2016-02-09 19:32:20.000000', 9, NULL, NULL),
(28, 'NARAYANGANJ', 'নারায়ণগঞ্জ ', '2023-03-20 09:16:50.970016', '2023-03-20 09:16:50.970016', 3, NULL, NULL),
(29, 'NARSINGDI', 'নরসিংদী ', '2023-03-20 09:16:50.970016', '2023-03-20 09:16:50.970016', 3, NULL, NULL),
(30, 'NETRAKONA', 'নেত্রকোণা ', '2023-03-20 09:16:50.970016', '2016-02-09 19:31:29.000000', 9, NULL, NULL),
(31, 'RAJBARI', 'রাজবাড়ী ', '2023-03-20 09:16:50.970016', '2023-03-20 09:16:50.970016', 3, NULL, NULL),
(32, 'SHARIATPUR', 'শরীয়তপুর  ', '2023-03-20 09:16:50.970016', '2023-03-20 09:16:50.970016', 3, NULL, NULL),
(33, 'SHERPUR', 'শেরপুর ', '2023-03-20 09:16:50.970016', '2016-02-09 19:31:55.000000', 9, NULL, NULL),
(34, 'TANGAIL', 'টাঙ্গাইল ', '2023-03-20 09:16:50.970016', '2023-03-20 09:16:50.970016', 3, NULL, NULL),
(35, 'BAGERHAT', 'বাগেরহাট', '2023-03-20 09:16:50.970016', '2023-03-20 09:16:50.970016', 4, NULL, NULL),
(36, 'CHUADANGA', 'চুয়াডাঙ্গা ', '2023-03-20 09:16:50.970016', '2023-03-20 09:16:50.970016', 4, NULL, NULL),
(37, 'JESSORE', 'যশোর ', '2023-03-20 09:16:50.970016', '2023-03-20 09:16:50.970016', 4, NULL, NULL),
(38, 'JHENAIDAH', 'ঝিনাইদহ ', '2023-03-20 09:16:50.970016', '2023-03-20 09:16:50.970016', 4, NULL, NULL),
(39, 'KHULNA', 'খুলনা ', '2023-03-20 09:16:50.970016', '2023-03-20 09:16:50.970016', 4, NULL, NULL),
(40, 'KUSHTIA', 'কুষ্টিয়া ', '2023-03-20 09:16:50.970016', '2023-03-20 09:16:50.970016', 4, NULL, NULL),
(41, 'MAGURA', 'মাগুরা', '2023-03-20 09:16:50.970016', '2023-03-20 09:16:50.970016', 4, NULL, NULL),
(42, 'MEHERPUR', 'মেহেরপুর ', '2023-03-20 09:16:50.970016', '2023-03-20 09:16:50.970016', 4, NULL, NULL),
(43, 'NARAIL', 'নড়াইল ', '2023-03-20 09:16:50.970016', '2023-03-20 09:16:50.970016', 4, NULL, NULL),
(44, 'SATKHIRA', 'সাতক্ষীরা ', '2023-03-20 09:16:50.970016', '2023-03-20 09:16:50.970016', 4, NULL, NULL),
(45, 'BOGRA', 'বগুড়া ', '2023-03-20 09:16:50.970016', '2023-03-20 09:16:50.970016', 5, NULL, NULL),
(46, 'JOYPURHAT', 'জয়পুরহাট', '2023-03-20 09:16:50.970016', '2023-03-20 09:16:50.970016', 5, NULL, NULL),
(47, 'NAOGAON', 'নওগাঁ ', '2023-03-20 09:16:50.970016', '2023-03-20 09:16:50.970016', 5, NULL, NULL),
(48, 'NATORE', 'নাটোর ', '2023-03-20 09:16:50.970016', '2023-03-20 09:16:50.970016', 5, NULL, NULL),
(49, 'CHAPAI NABABGANJ', 'চাঁপাই নাবাবগঞ্জ ', '2023-03-20 09:16:50.970016', '2023-03-20 09:16:50.970016', 5, NULL, NULL),
(50, 'PABNA', 'পাবনা', '2023-03-20 09:16:50.970016', '2023-03-20 09:16:50.970016', 5, NULL, NULL),
(51, 'RAJSHAHI', 'রাজশাহী ', '2023-03-20 09:16:50.970016', '2023-03-20 09:16:50.970016', 5, NULL, NULL),
(52, 'SIRAJGANJ', 'সিরাজগঞ্জ', '2023-03-20 09:16:50.970016', '2023-03-20 09:16:50.970016', 5, NULL, NULL),
(53, 'DINAJPUR', 'দিনাজপুর ', '2023-03-20 09:16:50.970016', '2023-03-20 09:16:50.970016', 6, NULL, NULL),
(54, 'GAIBANDHA', 'গাইবান্ধা ', '2023-03-20 09:16:50.970016', '2023-03-20 09:16:50.970016', 6, NULL, NULL),
(55, 'KURIGRAM', 'কুড়িগ্রাম ', '2023-03-20 09:16:50.970016', '2023-03-20 09:16:50.970016', 6, NULL, NULL),
(56, 'LALMONIRHAT', 'লালমনিরহাট ', '2023-03-20 09:16:50.970016', '2023-03-20 09:16:50.970016', 6, NULL, NULL),
(57, 'NILPHAMARI', 'নীলফামারী', '2023-03-20 09:16:50.970016', '2023-03-20 09:16:50.970016', 6, NULL, NULL),
(58, 'PANCHAGARH', 'পঞ্চগড় ', '2023-03-20 09:16:50.970016', '2023-03-20 09:16:50.970016', 6, NULL, NULL),
(59, 'RANGPUR', 'রংপুর ', '2023-03-20 09:16:50.970016', '2023-03-20 09:16:50.970016', 6, NULL, NULL),
(60, 'THAKURGAON', 'ঠাকুরগাঁও', '2023-03-20 09:16:50.970016', '2023-03-20 09:16:50.970016', 6, NULL, NULL),
(61, 'HABIGANJ', 'হবিগঞ্জ ', '2023-03-20 09:16:50.970016', '2023-03-20 09:16:50.970016', 7, NULL, NULL),
(62, 'MAULVIBAZAR', 'মৌলভীবাজার ', '2023-03-20 09:16:50.970016', '2023-03-20 09:16:50.970016', 7, NULL, NULL),
(63, 'SUNAMGANJ', 'সুনামগঞ্জ ', '2023-03-20 09:16:50.970016', '2023-03-20 09:16:50.970016', 7, NULL, NULL),
(64, 'SYLHET', 'সিলেট', '2023-03-20 09:16:50.970016', '2023-03-20 09:16:50.970016', 7, NULL, NULL);

-- --------------------------------------------------------

--
-- Table structure for table `division`
--

CREATE TABLE `division` (
  `id` int NOT NULL,
  `name` varchar(255) NOT NULL,
  `namebn` varchar(255) NOT NULL,
  `lat` double NOT NULL DEFAULT '0',
  `long` double NOT NULL DEFAULT '0',
  `created_at` timestamp(6) NOT NULL DEFAULT CURRENT_TIMESTAMP(6),
  `updated_at` timestamp(6) NOT NULL DEFAULT CURRENT_TIMESTAMP(6) ON UPDATE CURRENT_TIMESTAMP(6)
) ENGINE=InnoDB DEFAULT CHARSET=utf8mb4 COLLATE=utf8mb4_0900_ai_ci;

--
-- Dumping data for table `division`
--

INSERT INTO `division` (`id`, `name`, `namebn`, `lat`, `long`, `created_at`, `updated_at`) VALUES
(1, 'Barisal', 'বরিশাল', 22.701, 90.3535, '2023-03-20 03:16:50.970016', '2023-03-20 03:16:50.970016'),
(2, 'Chittagong', 'চট্টগ্রাম', 22.3569, 91.7832, '2023-03-20 03:16:50.970016', '2023-03-20 03:16:50.970016'),
(3, 'Dhaka', 'ঢাকা', 23.8103, 90.4125, '2023-03-20 03:16:50.970016', '2023-03-20 03:16:50.970016'),
(4, 'Khulna', 'খুলনা', 22.8456, 89.5403, '2023-03-20 03:16:50.970016', '2023-03-20 03:16:50.970016'),
(5, 'Rajshahi', 'রাজশাহী', 24.3745, 88.6042, '2023-03-20 03:16:50.970016', '2023-03-20 03:16:50.970016'),
(6, 'Rangpur', 'রংপুর', 25.7439, 89.2752, '2023-03-20 03:16:50.970016', '2023-03-20 03:16:50.970016'),
(7, 'Sylhet', 'সিলেট', 24.8949, 91.8687, '2023-03-20 03:16:50.970016', '2023-03-20 03:16:50.970016'),
(9, 'Mymensingh', 'ময়মনসিংহ', 24.7471, 90.4203, '2023-03-20 03:16:50.970016', '2023-03-20 03:16:50.970016');

-- --------------------------------------------------------

--
-- Table structure for table `microarea`
--

CREATE TABLE `microarea` (
  `id` int NOT NULL,
  `name` varchar(255) NOT NULL,
  `namebn` varchar(255) NOT NULL,
  `lat` int NOT NULL,
  `long` int NOT NULL,
  `created_at` datetime(6) NOT NULL DEFAULT CURRENT_TIMESTAMP(6),
  `updated_at` datetime(6) NOT NULL DEFAULT CURRENT_TIMESTAMP(6) ON UPDATE CURRENT_TIMESTAMP(6)
) ENGINE=InnoDB DEFAULT CHARSET=utf8mb4 COLLATE=utf8mb4_0900_ai_ci;

-- --------------------------------------------------------

--
-- Table structure for table `municipality`
--

CREATE TABLE `municipality` (
  `id` int NOT NULL,
  `name` varchar(255) NOT NULL,
  `namebn` varchar(255) NOT NULL,
  `lat` int NOT NULL,
  `long` int NOT NULL,
  `created_at` datetime(6) NOT NULL DEFAULT CURRENT_TIMESTAMP(6),
  `updated_at` datetime(6) NOT NULL DEFAULT CURRENT_TIMESTAMP(6) ON UPDATE CURRENT_TIMESTAMP(6)
) ENGINE=InnoDB DEFAULT CHARSET=utf8mb4 COLLATE=utf8mb4_0900_ai_ci;

-- --------------------------------------------------------

--
-- Table structure for table `thana`
--

CREATE TABLE `thana` (
  `id` int NOT NULL,
  `name` varchar(255) NOT NULL,
  `namebn` varchar(255) NOT NULL,
  `lat` int NOT NULL,
  `long` int NOT NULL,
  `created_at` datetime(6) NOT NULL DEFAULT CURRENT_TIMESTAMP(6),
  `updated_at` datetime(6) NOT NULL DEFAULT CURRENT_TIMESTAMP(6) ON UPDATE CURRENT_TIMESTAMP(6)
) ENGINE=InnoDB DEFAULT CHARSET=utf8mb4 COLLATE=utf8mb4_0900_ai_ci;

-- --------------------------------------------------------

--
-- Table structure for table `union`
--

CREATE TABLE `union` (
  `id` int NOT NULL,
  `name` varchar(255) NOT NULL,
  `namebn` varchar(255) NOT NULL,
  `lat` int NOT NULL,
  `long` int NOT NULL,
  `created_at` datetime(6) NOT NULL DEFAULT CURRENT_TIMESTAMP(6),
  `updated_at` datetime(6) NOT NULL DEFAULT CURRENT_TIMESTAMP(6) ON UPDATE CURRENT_TIMESTAMP(6)
) ENGINE=InnoDB DEFAULT CHARSET=utf8mb4 COLLATE=utf8mb4_0900_ai_ci;

-- --------------------------------------------------------

--
-- Table structure for table `upazila`
--

CREATE TABLE `upazila` (
  `id` int NOT NULL,
  `name` varchar(255) NOT NULL,
  `namebn` varchar(255) NOT NULL,
  `lat` double DEFAULT '0',
  `long` double DEFAULT '0',
  `created_at` timestamp(6) NOT NULL DEFAULT CURRENT_TIMESTAMP(6),
  `updated_at` timestamp(6) NOT NULL DEFAULT CURRENT_TIMESTAMP(6) ON UPDATE CURRENT_TIMESTAMP(6),
  `division_id` int DEFAULT NULL,
  `district_id` int DEFAULT NULL
) ENGINE=InnoDB DEFAULT CHARSET=utf8mb4 COLLATE=utf8mb4_0900_ai_ci;

--
-- Dumping data for table `upazila`
--

INSERT INTO `upazila` (`id`, `name`, `namebn`, `lat`, `long`, `created_at`, `updated_at`, `division_id`, `district_id`) VALUES
(1, 'AMTALI', 'আমতলী ', NULL, NULL, '2023-03-20 03:16:50.970016', '2023-03-20 03:16:50.970016', 1, 1),
(2, 'BAMNA', 'বামনা ', NULL, NULL, '2023-03-20 03:16:50.970016', '2023-03-20 03:16:50.970016', 1, 1),
(3, 'BARGUNA SADAR', 'বরগুনা সদর ', NULL, NULL, '2023-03-20 03:16:50.970016', '2023-03-20 03:16:50.970016', 1, 1),
(4, 'BETAGI', 'বেতাগী ', NULL, NULL, '2023-03-20 03:16:50.970016', '2023-03-20 03:16:50.970016', 1, 1),
(5, 'PATHARGHATA', 'পাথরঘাটা ', NULL, NULL, '2023-03-20 03:16:50.970016', '2023-03-20 03:16:50.970016', 1, 1),
(6, 'TALTALI', 'তালতলি ', NULL, NULL, '2023-03-20 03:16:50.970016', '2023-03-20 03:16:50.970016', 1, 1),
(7, 'AGAILJHARA', 'আগৈলঝাড়া', NULL, NULL, '2023-03-20 03:16:50.970016', '2023-03-20 03:16:50.970016', 1, 2),
(8, 'BABUGANJ', 'বাবুগঞ্জ ', NULL, NULL, '2023-03-20 03:16:50.970016', '2023-03-20 03:16:50.970016', 1, 2),
(9, 'BAKERGANJ', 'বাকেরগঞ্জ', NULL, NULL, '2023-03-20 03:16:50.970016', '2023-03-20 03:16:50.970016', 1, 2),
(10, 'BANARI PARA', 'বানারীপাড়া ', NULL, NULL, '2023-03-20 03:16:50.970016', '2023-03-20 03:16:50.970016', 1, 2),
(11, 'GAURNADI', 'গৌরনদী ', NULL, NULL, '2023-03-20 03:16:50.970016', '2023-03-20 03:16:50.970016', 1, 2),
(12, 'HIZLA', 'হিজলা ', NULL, NULL, '2023-03-20 03:16:50.970016', '2023-03-20 03:16:50.970016', 1, 2),
(13, 'BARISAL SADAR (KOTWALI)', 'বরিশাল সদর (কোতোয়ালী)', NULL, NULL, '2023-03-20 03:16:50.970016', '2023-03-20 03:16:50.970016', 1, 2),
(14, 'MEHENDIGANJ', 'মেহেন্দিগঞ্জ ', NULL, NULL, '2023-03-20 03:16:50.970016', '2023-03-20 03:16:50.970016', 1, 2),
(15, 'MULADI', 'মুলাদী  ', NULL, NULL, '2023-03-20 03:16:50.970016', '2023-03-20 03:16:50.970016', 1, 2),
(16, 'WAZIRPUR', 'উজিরপুর  ', NULL, NULL, '2023-03-20 03:16:50.970016', '2023-03-20 03:16:50.970016', 1, 2),
(17, 'BHOLA SADAR', 'ভোলা সদর', NULL, NULL, '2023-03-20 03:16:50.970016', '2023-03-20 03:16:50.970016', 1, 3),
(18, 'BURHANUDDIN', 'বোরহানউদ্দিন ', NULL, NULL, '2023-03-20 03:16:50.970016', '2023-03-20 03:16:50.970016', 1, 3),
(19, 'DAULAT KHAN', 'দৌলতখান', NULL, NULL, '2023-03-20 03:16:50.970016', '2023-03-20 03:16:50.970016', 1, 3),
(20, 'LALMOHAN', 'লালমোহন ', NULL, NULL, '2023-03-20 03:16:50.970016', '2023-03-20 03:16:50.970016', 1, 3),
(21, 'MANPURA', 'মনপুরা ', NULL, NULL, '2023-03-20 03:16:50.970016', '2023-03-20 03:16:50.970016', 1, 3),
(22, 'TAZUMUDDIN', 'তজুমদ্দিন ', NULL, NULL, '2023-03-20 03:16:50.970016', '2023-03-20 03:16:50.970016', 1, 3),
(23, 'JHALOKATI SADAR', 'ঝালকাঠি সদর', NULL, NULL, '2023-03-20 03:16:50.970016', '2023-03-20 03:16:50.970016', 1, 4),
(24, 'NALCHITY', 'নলছিটি ', NULL, NULL, '2023-03-20 03:16:50.970016', '2023-03-20 03:16:50.970016', 1, 4),
(25, 'KATHALIA', 'কাঠালিয়া', NULL, NULL, '2023-03-20 03:16:50.970016', '2023-03-20 03:16:50.970016', 1, 4),
(26, 'BAUPHAL', 'বাউফল ', NULL, NULL, '2023-03-20 03:16:50.970016', '2023-03-20 03:16:50.970016', 1, 5),
(27, 'DASHMINA', 'দশমিনা ', NULL, NULL, '2023-03-20 03:16:50.970016', '2023-03-20 03:16:50.970016', 1, 5),
(28, 'DUMKI', 'দুমকি ', NULL, NULL, '2023-03-20 03:16:50.970016', '2023-03-20 03:16:50.970016', 1, 5),
(29, 'KALAPARA', 'কলাপাড়া ', NULL, NULL, '2023-03-20 03:16:50.970016', '2023-03-20 03:16:50.970016', 1, 5),
(30, 'MIRZAGANJ', 'মির্জাগঞ্জ', NULL, NULL, '2023-03-20 03:16:50.970016', '2023-03-20 03:16:50.970016', 1, 5),
(31, 'PATUAKHALI SADAR', 'পটুয়াখালী সদর ', NULL, NULL, '2023-03-20 03:16:50.970016', '2023-03-20 03:16:50.970016', 1, 5),
(32, 'RANGABALI', 'রাঙ্গাবালী ', NULL, NULL, '2023-03-20 03:16:50.970016', '2023-03-20 03:16:50.970016', 1, 5),
(33, 'BHANDARIA', 'ভান্ডারিয়া ', NULL, NULL, '2023-03-20 03:16:50.970016', '2023-03-20 03:16:50.970016', 1, 6),
(34, 'KAWKHALI', 'কাউখালী ', NULL, NULL, '2023-03-20 03:16:50.970016', '2023-03-20 03:16:50.970016', 1, 6),
(35, 'MATHBARIA', 'মঠবাড়ীয়া ', NULL, NULL, '2023-03-20 03:16:50.970016', '2023-03-20 03:16:50.970016', 1, 6),
(36, 'NAZIRPUR', 'নাজিরপুর ', NULL, NULL, '2023-03-20 03:16:50.970016', '2023-03-20 03:16:50.970016', 1, 6),
(37, 'PIROJPUR SADAR', 'পিরোজপুর সদর ', NULL, NULL, '2023-03-20 03:16:50.970016', '2023-03-20 03:16:50.970016', 1, 6),
(38, 'NESARABAD (SWARUPKATI)', 'নেছারাবা ( স্বরুপকাঠী) ', NULL, NULL, '2023-03-20 03:16:50.970016', '2023-03-20 03:16:50.970016', 1, 6),
(39, 'ZIANAGAR', 'জিয়ানগর ', NULL, NULL, '2023-03-20 03:16:50.970016', '2023-03-20 03:16:50.970016', 1, 6),
(40, 'ALIKADAM', 'আলীকদম ', NULL, NULL, '2023-03-20 03:16:50.970016', '2023-03-20 03:16:50.970016', 2, 7),
(41, 'BANDARBAN SADAR', 'বান্দরবান সদর', NULL, NULL, '2023-03-20 03:16:50.970016', '2023-03-20 03:16:50.970016', 2, 7),
(42, 'LAMA', 'লামা', NULL, NULL, '2023-03-20 03:16:50.970016', '2023-03-20 03:16:50.970016', 2, 7),
(43, 'NAIKHONGCHHARI', 'নাইক্ষ্যংছড়ি', NULL, NULL, '2023-03-20 03:16:50.970016', '2023-03-20 03:16:50.970016', 2, 7),
(44, 'ROWANGCHHARI', 'রোয়াংছড়ি', NULL, NULL, '2023-03-20 03:16:50.970016', '2023-03-20 03:16:50.970016', 2, 7),
(45, 'RUMA', 'রুমা ', NULL, NULL, '2023-03-20 03:16:50.970016', '2023-03-20 03:16:50.970016', 2, 7),
(46, 'THANCHI', 'থানচি', NULL, NULL, '2023-03-20 03:16:50.970016', '2023-03-20 03:16:50.970016', 2, 7),
(47, 'AKHAURA', 'আখাউড়া', NULL, NULL, '2023-03-20 03:16:50.970016', '2023-03-20 03:16:50.970016', 2, 8),
(48, 'BANCHHARAMPUR', 'বাঞ্ছারামপুর ', NULL, NULL, '2023-03-20 03:16:50.970016', '2023-03-20 03:16:50.970016', 2, 8),
(49, 'BIJOYNAGAR', 'বিজয়নগর', NULL, NULL, '2023-03-20 03:16:50.970016', '2023-03-20 03:16:50.970016', 2, 8),
(50, 'BRAHMANBARIA SADAR', 'ব্রাহ্মণবাড়িয়া সদর', NULL, NULL, '2023-03-20 03:16:50.970016', '2023-03-20 03:16:50.970016', 2, 8),
(51, 'ASHUGANJ', 'আশুগঞ্জ', NULL, NULL, '2023-03-20 03:16:50.970016', '2023-03-20 03:16:50.970016', 2, 8),
(52, 'KASBA', 'কসবা', NULL, NULL, '2023-03-20 03:16:50.970016', '2023-03-20 03:16:50.970016', 2, 8),
(53, 'NABINAGAR', 'নবীনগর', NULL, NULL, '2023-03-20 03:16:50.970016', '2023-03-20 03:16:50.970016', 2, 8),
(54, 'NASIRNAGAR', 'নাসিরনগর', NULL, NULL, '2023-03-20 03:16:50.970016', '2023-03-20 03:16:50.970016', 2, 8),
(55, 'SARAIL', 'সরাইল', NULL, NULL, '2023-03-20 03:16:50.970016', '2023-03-20 03:16:50.970016', 2, 8),
(56, 'CHANDPUR SADAR', 'চাঁদপুর সদর', NULL, NULL, '2023-03-20 03:16:50.970016', '2023-03-20 03:16:50.970016', 2, 9),
(57, 'FARIDGANJ', 'ফরিদগঞ্জ', NULL, NULL, '2023-03-20 03:16:50.970016', '2023-03-20 03:16:50.970016', 2, 9),
(58, 'HAIM CHAR', 'হাইমচর', NULL, NULL, '2023-03-20 03:16:50.970016', '2023-03-20 03:16:50.970016', 2, 9),
(59, 'HAJIGANJ', 'হাজীগঞ্জ', NULL, NULL, '2023-03-20 03:16:50.970016', '2023-03-20 03:16:50.970016', 2, 9),
(60, 'KACHUA', 'কচুয়া', NULL, NULL, '2023-03-20 03:16:50.970016', '2023-03-20 03:16:50.970016', 2, 9),
(61, 'MATLAB DAKSHIN', 'মতলব দক্ষিণ', NULL, NULL, '2023-03-20 03:16:50.970016', '2023-03-20 03:16:50.970016', 2, 9),
(62, 'MATLAB UTTAR', 'মতলব উত্তর', NULL, NULL, '2023-03-20 03:16:50.970016', '2023-03-20 03:16:50.970016', 2, 9),
(63, 'SHAHRASTI', 'শাহরাস্তি', NULL, NULL, '2023-03-20 03:16:50.970016', '2023-03-20 03:16:50.970016', 2, 9),
(64, 'ANOWARA', 'আনোয়ারা', NULL, NULL, '2023-03-20 03:16:50.970016', '2023-03-20 03:16:50.970016', 2, 10),
(65, 'BANSHKHALI', 'বাঁশখালী', NULL, NULL, '2023-03-20 03:16:50.970016', '2023-03-20 03:16:50.970016', 2, 10),
(66, 'BOALKHALI', 'বোয়ালখালী', NULL, NULL, '2023-03-20 03:16:50.970016', '2023-03-20 03:16:50.970016', 2, 10),
(67, 'CHANDANAISH', 'চন্দনাইশ', NULL, NULL, '2023-03-20 03:16:50.970016', '2023-03-20 03:16:50.970016', 2, 10),
(68, 'FATIKCHHARI', 'ফটিকছড়ি', NULL, NULL, '2023-03-20 03:16:50.970016', '2023-03-20 03:16:50.970016', 2, 10),
(69, 'HATHAZARI', 'হাটহাজারী', NULL, NULL, '2023-03-20 03:16:50.970016', '2023-03-20 03:16:50.970016', 2, 10),
(70, 'LOHAGARA', 'লোহাগাড়া', NULL, NULL, '2023-03-20 03:16:50.970016', '2023-03-20 03:16:50.970016', 2, 10),
(71, 'MIRSHARAI', 'মীরসরাই', NULL, NULL, '2023-03-20 03:16:50.970016', '2023-03-20 03:16:50.970016', 2, 10),
(72, 'PATIYA', 'পটিয়া', NULL, NULL, '2023-03-20 03:16:50.970016', '2023-03-20 03:16:50.970016', 2, 10),
(73, 'RANGUNIA', 'রাঙ্গুনিয়া', NULL, NULL, '2023-03-20 03:16:50.970016', '2023-03-20 03:16:50.970016', 2, 10),
(74, 'RAOZAN', 'রাউজান', NULL, NULL, '2023-03-20 03:16:50.970016', '2023-03-20 03:16:50.970016', 2, 10),
(75, 'SANDWIP', 'সন্দ্বীপ', NULL, NULL, '2023-03-20 03:16:50.970016', '2023-03-20 03:16:50.970016', 2, 10),
(76, 'SATKANIA', 'সাতকানিয়া', NULL, NULL, '2023-03-20 03:16:50.970016', '2023-03-20 03:16:50.970016', 2, 10),
(77, 'SITAKUNDA', 'সীতাকুণ্ড', NULL, NULL, '2023-03-20 03:16:50.970016', '2023-03-20 03:16:50.970016', 2, 10),
(78, 'BARURA', 'বরুড়া', NULL, NULL, '2023-03-20 03:16:50.970016', '2023-03-20 03:16:50.970016', 2, 11),
(79, 'BRAHMAN PARA', 'ব্রাহ্মণপাড়া', NULL, NULL, '2023-03-20 03:16:50.970016', '2023-03-20 03:16:50.970016', 2, 11),
(80, 'BURICHANG', 'বুড়িচং', NULL, NULL, '2023-03-20 03:16:50.970016', '2023-03-20 03:16:50.970016', 2, 11),
(81, 'CHANDINA', 'চান্দিনা', NULL, NULL, '2023-03-20 03:16:50.970016', '2023-03-20 03:16:50.970016', 2, 11),
(82, 'CHAUDDAGRAM', 'চৌদ্দগ্রাম', NULL, NULL, '2023-03-20 03:16:50.970016', '2023-03-20 03:16:50.970016', 2, 11),
(83, 'COMILLA SADAR DAKSHIN', 'কুমিল্লা সদর দক্ষিণ', NULL, NULL, '2023-03-20 03:16:50.970016', '2023-03-20 03:16:50.970016', 2, 11),
(84, 'DAUDKANDI', 'দাউদকান্দি', NULL, NULL, '2023-03-20 03:16:50.970016', '2023-03-20 03:16:50.970016', 2, 11),
(85, 'DEBIDWAR', 'দেবিদ্বার', NULL, NULL, '2023-03-20 03:16:50.970016', '2023-03-20 03:16:50.970016', 2, 11),
(86, 'HOMNA', 'হোমনা ', NULL, NULL, '2023-03-20 03:16:50.970016', '2023-03-20 03:16:50.970016', 2, 11),
(87, 'COMILLA ADARSHA SADAR', 'কুমিল্লা সদর', NULL, NULL, '2023-03-20 03:16:50.970016', '2023-03-20 03:16:50.970016', 2, 11),
(88, 'LAKSAM', 'লাকসাম', NULL, NULL, '2023-03-20 03:16:50.970016', '2023-03-20 03:16:50.970016', 2, 11),
(89, 'MANOHARGANJ', 'মনোহরগঞ্জ', NULL, NULL, '2023-03-20 03:16:50.970016', '2023-03-20 03:16:50.970016', 2, 11),
(90, 'MEGHNA', 'মেঘনা', NULL, NULL, '2023-03-20 03:16:50.970016', '2023-03-20 03:16:50.970016', 2, 11),
(91, 'MURADNAGAR', 'মুরাদনগর', NULL, NULL, '2023-03-20 03:16:50.970016', '2023-03-20 03:16:50.970016', 2, 11),
(92, 'NANGALKOT', 'নাঙ্গলকোট', NULL, NULL, '2023-03-20 03:16:50.970016', '2023-03-20 03:16:50.970016', 2, 11),
(93, 'TITAS', 'তিতাস', NULL, NULL, '2023-03-20 03:16:50.970016', '2023-03-20 03:16:50.970016', 2, 11),
(94, 'CHAKARIA', 'চকরিয়া', NULL, NULL, '2023-03-20 03:16:50.970016', '2023-03-20 03:16:50.970016', 2, 12),
(95, 'COX\'S BAZAR SADAR', 'কক্সবাজার সদর', NULL, NULL, '2023-03-20 03:16:50.970016', '2023-03-20 03:16:50.970016', 2, 12),
(96, 'KUTUBDIA', 'কুতুবদিয়া', NULL, NULL, '2023-03-20 03:16:50.970016', '2023-03-20 03:16:50.970016', 2, 12),
(97, 'MAHESHKHALI', 'মহেশখালী', NULL, NULL, '2023-03-20 03:16:50.970016', '2023-03-20 03:16:50.970016', 2, 12),
(98, 'PEKUA', 'পেকুয়া', NULL, NULL, '2023-03-20 03:16:50.970016', '2023-03-20 03:16:50.970016', 2, 12),
(99, 'RAMU', 'রামু', NULL, NULL, '2023-03-20 03:16:50.970016', '2023-03-20 03:16:50.970016', 2, 12),
(100, 'TEKNAF', 'টেকনাফ', NULL, NULL, '2023-03-20 03:16:50.970016', '2023-03-20 03:16:50.970016', 2, 12),
(101, 'UKHIA', 'উখিয়া', NULL, NULL, '2023-03-20 03:16:50.970016', '2023-03-20 03:16:50.970016', 2, 12),
(102, 'CHHAGALNAIYA', 'ছাগলনাইয়া', NULL, NULL, '2023-03-20 03:16:50.970016', '2023-03-20 03:16:50.970016', 2, 13),
(103, 'DAGANBHUIYAN', 'দাগনভূঞা', NULL, NULL, '2023-03-20 03:16:50.970016', '2023-03-20 03:16:50.970016', 2, 13),
(104, 'FENI SADAR', 'ফেনী সদর', NULL, NULL, '2023-03-20 03:16:50.970016', '2023-03-20 03:16:50.970016', 2, 13),
(105, 'FULGAZI', 'ফুলগাজী', NULL, NULL, '2023-03-20 03:16:50.970016', '2023-03-20 03:16:50.970016', 2, 13),
(106, 'PARSHURAM', 'পরশুরাম', NULL, NULL, '2023-03-20 03:16:50.970016', '2023-03-20 03:16:50.970016', 2, 13),
(107, 'SONAGAZI', 'সোনাগাজী', NULL, NULL, '2023-03-20 03:16:50.970016', '2023-03-20 03:16:50.970016', 2, 13),
(108, 'DIGHINALA', 'দিঘীনালা', NULL, NULL, '2023-03-20 03:16:50.970016', '2023-03-20 03:16:50.970016', 2, 14),
(109, 'MANIKCHHARI', 'মানিকছড়ি', NULL, NULL, '2023-03-20 03:16:50.970016', '2023-03-20 03:16:50.970016', 2, 14),
(110, 'KHAGRACHHARI SADAR', 'খাগড়াছড়ি সদর', NULL, NULL, '2023-03-20 03:16:50.970016', '2023-03-20 03:16:50.970016', 2, 14),
(111, 'LAKSHMICHHARI', 'লক্ষীছড়ি', NULL, NULL, '2023-03-20 03:16:50.970016', '2023-03-20 03:16:50.970016', 2, 14),
(112, 'MAHALCHHARI', 'মহালছড়ি', NULL, NULL, '2023-03-20 03:16:50.970016', '2023-03-20 03:16:50.970016', 2, 14),
(113, 'MATIRANGA', 'মাটিরাঙ্গা', NULL, NULL, '2023-03-20 03:16:50.970016', '2023-03-20 03:16:50.970016', 2, 14),
(114, 'PANCHHARI', 'পানছড়ি', NULL, NULL, '2023-03-20 03:16:50.970016', '2023-03-20 03:16:50.970016', 2, 14),
(115, 'RAMGARH', 'রামগড়', NULL, NULL, '2023-03-20 03:16:50.970016', '2023-03-20 03:16:50.970016', 2, 14),
(116, 'KAMALNAGAR', 'কমলনগর', NULL, NULL, '2023-03-20 03:16:50.970016', '2023-03-20 03:16:50.970016', 2, 15),
(117, 'LAKSHMIPUR SADAR', 'লক্ষ্মীপুর সদর', NULL, NULL, '2023-03-20 03:16:50.970016', '2023-03-20 03:16:50.970016', 2, 15),
(118, 'ROYPUR', 'রায়পুর', NULL, NULL, '2023-03-20 03:16:50.970016', '2023-03-20 03:16:50.970016', 2, 15),
(119, 'RAMGANJ', 'রামগঞ্জ', NULL, NULL, '2023-03-20 03:16:50.970016', '2023-03-20 03:16:50.970016', 2, 15),
(120, 'RAMGATI', 'রামগতি ', NULL, NULL, '2023-03-20 03:16:50.970016', '2023-03-20 03:16:50.970016', 2, 15),
(121, 'BEGUMGANJ', 'বেগমগঞ্জ', NULL, NULL, '2023-03-20 03:16:50.970016', '2023-03-20 03:16:50.970016', 2, 16),
(122, 'CHATKHIL', 'চাটখিল', NULL, NULL, '2023-03-20 03:16:50.970016', '2023-03-20 03:16:50.970016', 2, 16),
(123, 'COMPANIGANJ', 'কোম্পানীগঞ্জ', NULL, NULL, '2023-03-20 03:16:50.970016', '2023-03-20 03:16:50.970016', 2, 16),
(124, 'HATIYA', 'হাতিয়া', NULL, NULL, '2023-03-20 03:16:50.970016', '2023-03-20 03:16:50.970016', 2, 16),
(125, 'SENBAGH', 'সেনবাগ', NULL, NULL, '2023-03-20 03:16:50.970016', '2023-03-20 03:16:50.970016', 2, 16),
(126, 'SONAIMURI', 'সোনাইমুড়ী', NULL, NULL, '2023-03-20 03:16:50.970016', '2023-03-20 03:16:50.970016', 2, 16),
(127, 'SUBARNACHAR', 'সুবর্ণচর', NULL, NULL, '2023-03-20 03:16:50.970016', '2023-03-20 03:16:50.970016', 2, 16),
(128, 'NOAKHALI ', 'নোয়াখালী ', NULL, NULL, '2023-03-20 03:16:50.970016', '2023-03-20 03:16:50.970016', 2, 16),
(129, 'BAGHAICHHARI', 'বাঘাইছড়ি', NULL, NULL, '2023-03-20 03:16:50.970016', '2023-03-20 03:16:50.970016', 2, 17),
(130, 'BARKAL ', 'বরকল', NULL, NULL, '2023-03-20 03:16:50.970016', '2023-03-20 03:16:50.970016', 2, 17),
(131, 'KAWKHALI (BETBUNIA)', 'কাউখালী', NULL, NULL, '2023-03-20 03:16:50.970016', '2023-03-20 03:16:50.970016', 2, 17),
(132, 'KAPTAI  ', 'কাপ্তাই ', NULL, NULL, '2023-03-20 03:16:50.970016', '2023-03-20 03:16:50.970016', 2, 17),
(133, 'JURAI CHHARI', 'জুরাছড়ি', NULL, NULL, '2023-03-20 03:16:50.970016', '2023-03-20 03:16:50.970016', 2, 17),
(134, 'LANGADU  ', 'লংগদু ', NULL, NULL, '2023-03-20 03:16:50.970016', '2023-03-20 03:16:50.970016', 2, 17),
(135, 'NANIARCHAR  ', 'নানিয়ারচর ', NULL, NULL, '2023-03-20 03:16:50.970016', '2023-03-20 03:16:50.970016', 2, 17),
(136, 'RANGAMATI SADAR', 'রাঙ্গামাটি সদর', NULL, NULL, '2023-03-20 03:16:50.970016', '2023-03-20 03:16:50.970016', 2, 17),
(137, 'RAJOSTHOLI ', 'রাজস্থলী', NULL, NULL, '2023-03-20 03:16:50.970016', '2023-03-20 03:16:50.970016', 2, 17),
(138, 'BILAYCHHARI', 'বিলাইছড়ি', NULL, NULL, '2023-03-20 03:16:50.970016', '2023-03-20 03:16:50.970016', 2, 17),
(139, 'TEJGAON UNNON CIRCLE', 'তেজগাঁও উন্নয়ন সার্কেল', NULL, NULL, '2023-03-20 03:16:50.970016', '2023-03-20 03:16:50.970016', 3, 18),
(140, 'BADDA', 'বাড্ডা', NULL, NULL, '2023-03-20 03:16:50.970016', '2023-03-20 03:16:50.970016', 3, 18),
(141, 'BANGSHAL', 'বংশাল', NULL, NULL, '2023-03-20 03:16:50.970016', '2023-03-20 03:16:50.970016', 3, 18),
(142, 'BIMAN BANDAR', 'বিমান বন্দর', NULL, NULL, '2023-03-20 03:16:50.970016', '2023-03-20 03:16:50.970016', 3, 18),
(143, 'BANANI', 'বনানী', NULL, NULL, '2023-03-20 03:16:50.970016', '2023-03-20 03:16:50.970016', 3, 18),
(144, 'CANTONMENT', 'সেনানিবাস', NULL, NULL, '2023-03-20 03:16:50.970016', '2023-03-20 03:16:50.970016', 3, 18),
(145, 'CHAK BAZAR', 'চকবাজার', NULL, NULL, '2023-03-20 03:16:50.970016', '2023-03-20 03:16:50.970016', 3, 18),
(146, 'DAKSHINKHAN', 'দক্ষিনখান', NULL, NULL, '2023-03-20 03:16:50.970016', '2023-03-20 03:16:50.970016', 3, 18),
(147, 'DARUS SALAM', 'দারুস সালাম', NULL, NULL, '2023-03-20 03:16:50.970016', '2023-03-20 03:16:50.970016', 3, 18),
(148, 'DEMRA', 'ডেমরা', NULL, NULL, '2023-03-20 03:16:50.970016', '2023-03-20 03:16:50.970016', 3, 18),
(149, 'DHAMRAI', 'ধামরাই', NULL, NULL, '2023-03-20 03:16:50.970016', '2023-03-20 03:16:50.970016', 3, 18),
(150, 'DOHAR', 'দোহার', NULL, NULL, '2023-03-20 03:16:50.970016', '2023-03-20 03:16:50.970016', 3, 18),
(151, 'KERANIGANJ', 'কেরাণীগঞ্জ', NULL, NULL, '2023-03-20 03:16:50.970016', '2023-03-20 03:16:50.970016', 3, 18),
(152, 'NAWABGANJ', 'নবাবগঞ্জ', NULL, NULL, '2023-03-20 03:16:50.970016', '2023-03-20 03:16:50.970016', 3, 18),
(153, 'SAVAR', 'সাভার', NULL, NULL, '2023-03-20 03:16:50.970016', '2023-03-20 03:16:50.970016', 3, 18),
(154, 'ALFADANGA', 'আলফাডাঙ্গা', NULL, NULL, '2023-03-20 03:16:50.970016', '2023-03-20 03:16:50.970016', 3, 19),
(155, 'BHANGA', 'ভাঙ্গা', NULL, NULL, '2023-03-20 03:16:50.970016', '2023-03-20 03:16:50.970016', 3, 19),
(156, 'BOALMARI', 'বোয়ালমারী', NULL, NULL, '2023-03-20 03:16:50.970016', '2023-03-20 03:16:50.970016', 3, 19),
(157, 'CHAR BHADRASAN', 'চরভদ্রাসন', NULL, NULL, '2023-03-20 03:16:50.970016', '2023-03-20 03:16:50.970016', 3, 19),
(158, 'FARIDPUR SADAR', 'ফরিদপুর সদর', NULL, NULL, '2023-03-20 03:16:50.970016', '2023-03-20 03:16:50.970016', 3, 19),
(159, 'MADHUKHALI', 'মধুখালী', NULL, NULL, '2023-03-20 03:16:50.970016', '2023-03-20 03:16:50.970016', 3, 19),
(160, 'NAGARKANDA', 'নগরকান্দা', NULL, NULL, '2023-03-20 03:16:50.970016', '2023-03-20 03:16:50.970016', 3, 19),
(161, 'SADARPUR', 'সদরপুর', NULL, NULL, '2023-03-20 03:16:50.970016', '2023-03-20 03:16:50.970016', 3, 19),
(162, 'SALTHA', 'সালথা', NULL, NULL, '2023-03-20 03:16:50.970016', '2023-03-20 03:16:50.970016', 3, 19),
(163, 'GAZIPUR SADAR', 'গাজীপুর সদর', NULL, NULL, '2023-03-20 03:16:50.970016', '2023-03-20 03:16:50.970016', 3, 20),
(164, 'KALIAKAIR', 'কালিয়াকৈর', NULL, NULL, '2023-03-20 03:16:50.970016', '2023-03-20 03:16:50.970016', 3, 20),
(165, 'KALIGANJ', 'কালীগঞ্জ', NULL, NULL, '2023-03-20 03:16:50.970016', '2023-03-20 03:16:50.970016', 3, 20),
(166, 'KAPASIA', 'কাপাসিয়া', NULL, NULL, '2023-03-20 03:16:50.970016', '2023-03-20 03:16:50.970016', 3, 20),
(167, 'SREEPUR', 'শ্রীপুর', NULL, NULL, '2023-03-20 03:16:50.970016', '2023-03-20 03:16:50.970016', 3, 20),
(168, 'GOPALGANJ SADAR', 'গোপালগঞ্জ সদর', NULL, NULL, '2023-03-20 03:16:50.970016', '2023-03-20 03:16:50.970016', 3, 21),
(169, 'KASHIANI', 'কাশিয়ানী', NULL, NULL, '2023-03-20 03:16:50.970016', '2023-03-20 03:16:50.970016', 3, 21),
(170, 'KOTALIPARA', 'কোটালীপাড়া', NULL, NULL, '2023-03-20 03:16:50.970016', '2023-03-20 03:16:50.970016', 3, 21),
(171, 'MUKSUDPUR', 'মুকসুদপুর', NULL, NULL, '2023-03-20 03:16:50.970016', '2023-03-20 03:16:50.970016', 3, 21),
(172, 'TUNGIPARA', 'টুংগীপাড়া', NULL, NULL, '2023-03-20 03:16:50.970016', '2023-03-20 03:16:50.970016', 3, 21),
(173, 'BAKSHIGANJ', 'বকশীগঞ্জ', NULL, NULL, '2023-03-20 03:16:50.970016', '2023-03-20 03:16:50.970016', 3, 22),
(174, 'DEWANGANJ', 'দেওয়ানগঞ্জ', NULL, NULL, '2023-03-20 03:16:50.970016', '2023-03-20 03:16:50.970016', 3, 22),
(175, 'ISLAMPUR', 'ইসলামপুর', NULL, NULL, '2023-03-20 03:16:50.970016', '2023-03-20 03:16:50.970016', 3, 22),
(176, 'JAMALPUR SADAR', 'জামালপুর সদর', NULL, NULL, '2023-03-20 03:16:50.970016', '2023-03-20 03:16:50.970016', 3, 22),
(177, 'MADARGANJ', 'মাদারগঞ্জ', NULL, NULL, '2023-03-20 03:16:50.970016', '2023-03-20 03:16:50.970016', 3, 22),
(178, 'MELANDAHA', 'মেলান্দহ', NULL, NULL, '2023-03-20 03:16:50.970016', '2023-03-20 03:16:50.970016', 3, 22),
(179, 'SARISHABARI UPAZILA', 'সরিষাবাড়ী', NULL, NULL, '2023-03-20 03:16:50.970016', '2023-03-20 03:16:50.970016', 3, 22),
(180, 'AUSTAGRAM', 'অষ্টগ্রাম', NULL, NULL, '2023-03-20 03:16:50.970016', '2023-03-20 03:16:50.970016', 3, 23),
(181, 'BAJITPUR', 'বাজিতপুর', NULL, NULL, '2023-03-20 03:16:50.970016', '2023-03-20 03:16:50.970016', 3, 23),
(182, 'BHAIRAB', 'ভৈরব', NULL, NULL, '2023-03-20 03:16:50.970016', '2023-03-20 03:16:50.970016', 3, 23),
(183, 'HOSSAINPUR', 'হোসেনপুর', NULL, NULL, '2023-03-20 03:16:50.970016', '2023-03-20 03:16:50.970016', 3, 23),
(184, 'ITNA', 'ইটনা', NULL, NULL, '2023-03-20 03:16:50.970016', '2023-03-20 03:16:50.970016', 3, 23),
(185, 'KARIMGANJ', 'করিমগঞ্জ', NULL, NULL, '2023-03-20 03:16:50.970016', '2023-03-20 03:16:50.970016', 3, 23),
(186, 'KATIADI', 'কটিয়াদী', NULL, NULL, '2023-03-20 03:16:50.970016', '2023-03-20 03:16:50.970016', 3, 23),
(187, 'KISHOREGANJ SADAR', 'কিশোরগঞ্জ সদর', NULL, NULL, '2023-03-20 03:16:50.970016', '2023-03-20 03:16:50.970016', 3, 23),
(188, 'KULIAR CHAR', 'কুলিয়ারচর', NULL, NULL, '2023-03-20 03:16:50.970016', '2023-03-20 03:16:50.970016', 3, 23),
(189, 'MITHAMAIN', 'মিঠামইন', NULL, NULL, '2023-03-20 03:16:50.970016', '2023-03-20 03:16:50.970016', 3, 23),
(190, 'NIKLI', 'নিকলী', NULL, NULL, '2023-03-20 03:16:50.970016', '2023-03-20 03:16:50.970016', 3, 23),
(191, 'PAKUNDIA', 'পাকুন্দিয়া', NULL, NULL, '2023-03-20 03:16:50.970016', '2023-03-20 03:16:50.970016', 3, 23),
(192, 'TARAIL', 'তাড়াইল', NULL, NULL, '2023-03-20 03:16:50.970016', '2023-03-20 03:16:50.970016', 3, 23),
(193, 'KALKINI', 'কালকিনি', NULL, NULL, '2023-03-20 03:16:50.970016', '2023-03-20 03:16:50.970016', 3, 24),
(194, 'MADARIPUR SADAR', 'মাদারীপুর সদর', NULL, NULL, '2023-03-20 03:16:50.970016', '2023-03-20 03:16:50.970016', 3, 24),
(195, 'RAJOIR', 'রাজৈর', NULL, NULL, '2023-03-20 03:16:50.970016', '2023-03-20 03:16:50.970016', 3, 24),
(196, 'SHIBCHAR', 'শিবচর', NULL, NULL, '2023-03-20 03:16:50.970016', '2023-03-20 03:16:50.970016', 3, 24),
(197, 'DAULATPUR', 'দৌলতপুর', NULL, NULL, '2023-03-20 03:16:50.970016', '2023-03-20 03:16:50.970016', 3, 25),
(198, 'GHIOR', 'ঘিওর', NULL, NULL, '2023-03-20 03:16:50.970016', '2023-03-20 03:16:50.970016', 3, 25),
(199, 'HARIRAMPUR', 'হরিরামপুর', NULL, NULL, '2023-03-20 03:16:50.970016', '2023-03-20 03:16:50.970016', 3, 25),
(200, 'MANIKGANJ SADAR', 'মানিকগঞ্জ সদর', NULL, NULL, '2023-03-20 03:16:50.970016', '2023-03-20 03:16:50.970016', 3, 25),
(201, 'SATURIA', 'সাটুরিয়া', NULL, NULL, '2023-03-20 03:16:50.970016', '2023-03-20 03:16:50.970016', 3, 25),
(202, 'SHIBALAYA', 'শিবালয়', NULL, NULL, '2023-03-20 03:16:50.970016', '2023-03-20 03:16:50.970016', 3, 25),
(203, 'SINGAIR', 'সিংগাইর', NULL, NULL, '2023-03-20 03:16:50.970016', '2023-03-20 03:16:50.970016', 3, 25),
(204, 'GAZARIA', 'গজারিয়া', NULL, NULL, '2023-03-20 03:16:50.970016', '2023-03-20 03:16:50.970016', 3, 26),
(205, 'LOHAJANG', 'লৌহজং', NULL, NULL, '2023-03-20 03:16:50.970016', '2023-03-20 03:16:50.970016', 3, 26),
(206, 'MUNSHIGANJ SADAR', 'মুন্সিগঞ্জ সদর', NULL, NULL, '2023-03-20 03:16:50.970016', '2023-03-20 03:16:50.970016', 3, 26),
(207, 'SERAJDIKHAN', 'সিরাজদিখান', NULL, NULL, '2023-03-20 03:16:50.970016', '2023-03-20 03:16:50.970016', 3, 26),
(208, 'SREENAGAR', 'শ্রীনগর', NULL, NULL, '2023-03-20 03:16:50.970016', '2023-03-20 03:16:50.970016', 3, 26),
(209, 'TONGIBARI', 'টংগিবাড়ী', NULL, NULL, '2023-03-20 03:16:50.970016', '2023-03-20 03:16:50.970016', 3, 26),
(210, 'BHALUKA', 'ভালুকা', NULL, NULL, '2023-03-20 03:16:50.970016', '2023-03-20 03:16:50.970016', 3, 27),
(211, 'DHOBAURA', 'ধোবাউড়া', NULL, NULL, '2023-03-20 03:16:50.970016', '2023-03-20 03:16:50.970016', 3, 27),
(212, 'FULBARIA', 'ফুলবাড়ীয়া', NULL, NULL, '2023-03-20 03:16:50.970016', '2023-03-20 03:16:50.970016', 3, 27),
(213, 'GAFFARGAON', 'গফরগাঁও', NULL, NULL, '2023-03-20 03:16:50.970016', '2023-03-20 03:16:50.970016', 3, 27),
(214, 'GAURIPUR', 'গৌরীপুর', NULL, NULL, '2023-03-20 03:16:50.970016', '2023-03-20 03:16:50.970016', 3, 27),
(215, 'HALUAGHAT', 'হালুয়াঘাট', NULL, NULL, '2023-03-20 03:16:50.970016', '2023-03-20 03:16:50.970016', 3, 27),
(216, 'ISHWARGANJ', 'ঈশ্বরগঞ্জ', NULL, NULL, '2023-03-20 03:16:50.970016', '2023-03-20 03:16:50.970016', 3, 27),
(217, 'MYMENSINGH SADAR', 'ময়মনসিংহ সদর', NULL, NULL, '2023-03-20 03:16:50.970016', '2023-03-20 03:16:50.970016', 3, 27),
(218, 'MUKTAGACHHA', 'মুক্তাগাছা', NULL, NULL, '2023-03-20 03:16:50.970016', '2023-03-20 03:16:50.970016', 3, 27),
(219, 'NANDAIL', 'নান্দাইল', NULL, NULL, '2023-03-20 03:16:50.970016', '2023-03-20 03:16:50.970016', 3, 27),
(220, 'PHULPUR', 'ফুলপুর', NULL, NULL, '2023-03-20 03:16:50.970016', '2023-03-20 03:16:50.970016', 3, 27),
(221, 'TARAKANDA', 'তারাকান্দা', NULL, NULL, '2023-03-20 03:16:50.970016', '2023-03-20 03:16:50.970016', 3, 27),
(222, 'TRISHAL', 'ত্রিশাল', NULL, NULL, '2023-03-20 03:16:50.970016', '2023-03-20 03:16:50.970016', 3, 27),
(223, 'ARAIHAZAR', 'আড়াইহাজার', NULL, NULL, '2023-03-20 03:16:50.970016', '2023-03-20 03:16:50.970016', 3, 28),
(224, 'SONARGAON', 'সোনারগাঁ', NULL, NULL, '2023-03-20 03:16:50.970016', '2023-03-20 03:16:50.970016', 3, 28),
(225, 'NARAYANGANJ SADAR', 'নারায়নগঞ্জ সদর', NULL, NULL, '2023-03-20 03:16:50.970016', '2023-03-20 03:16:50.970016', 3, 28),
(226, 'RUPGANJ', 'রূপগঞ্জ', NULL, NULL, '2023-03-20 03:16:50.970016', '2023-03-20 03:16:50.970016', 3, 28),
(227, 'BELABO', 'বেলাবো', NULL, NULL, '2023-03-20 03:16:50.970016', '2023-03-20 03:16:50.970016', 3, 29),
(228, 'MANOHARDI', 'মনোহরদী', NULL, NULL, '2023-03-20 03:16:50.970016', '2023-03-20 03:16:50.970016', 3, 29),
(229, 'NARSINGDI ', 'নরসিংদী ', NULL, NULL, '2023-03-20 03:16:50.970016', '2023-03-20 03:16:50.970016', 3, 29),
(230, 'PALASH', 'পলাশ', NULL, NULL, '2023-03-20 03:16:50.970016', '2023-03-20 03:16:50.970016', 3, 29),
(231, 'ROYPURA', 'রায়পুরা', NULL, NULL, '2023-03-20 03:16:50.970016', '2023-03-20 03:16:50.970016', 3, 29),
(232, 'SHIBPUR', 'শিবপুর', NULL, NULL, '2023-03-20 03:16:50.970016', '2023-03-20 03:16:50.970016', 3, 29),
(233, 'ATPARA', 'আটপাড়া', NULL, NULL, '2023-03-20 03:16:50.970016', '2023-03-20 03:16:50.970016', 3, 30),
(234, 'BARHATTA', 'বারহাট্টা', NULL, NULL, '2023-03-20 03:16:50.970016', '2023-03-20 03:16:50.970016', 3, 30),
(235, 'DURGAPUR', 'দুর্গাপুর', NULL, NULL, '2023-03-20 03:16:50.970016', '2023-03-20 03:16:50.970016', 3, 30),
(236, 'KHALIAJURI', 'খালিয়াজুরী', NULL, NULL, '2023-03-20 03:16:50.970016', '2023-03-20 03:16:50.970016', 3, 30),
(237, 'KALMAKANDA', 'কলমাকান্দা', NULL, NULL, '2023-03-20 03:16:50.970016', '2023-03-20 03:16:50.970016', 3, 30),
(238, 'KENDUA', 'কেন্দুয়া', NULL, NULL, '2023-03-20 03:16:50.970016', '2023-03-20 03:16:50.970016', 3, 30),
(239, 'MADAN', 'মদন', NULL, NULL, '2023-03-20 03:16:50.970016', '2023-03-20 03:16:50.970016', 3, 30),
(240, 'MOHANGANJ', 'মোহনগঞ্জ', NULL, NULL, '2023-03-20 03:16:50.970016', '2023-03-20 03:16:50.970016', 3, 30),
(241, 'NETROKONA SADAR', 'নেত্রকোণা সদর', NULL, NULL, '2023-03-20 03:16:50.970016', '2023-03-20 03:16:50.970016', 3, 30),
(242, 'BALIAKANDI', 'বালিয়াকান্দি', NULL, NULL, '2023-03-20 03:16:50.970016', '2023-03-20 03:16:50.970016', 3, 31),
(243, 'GOALANDA', 'গোয়ালন্দ', NULL, NULL, '2023-03-20 03:16:50.970016', '2023-03-20 03:16:50.970016', 3, 31),
(244, 'KALUKHALI', 'কালুখালী', NULL, NULL, '2023-03-20 03:16:50.970016', '2023-03-20 03:16:50.970016', 3, 31),
(245, 'PANGSHA', 'পাংশা', NULL, NULL, '2023-03-20 03:16:50.970016', '2023-03-20 03:16:50.970016', 3, 31),
(246, 'RAJBARI SADAR', 'রাজবাড়ী সদর', NULL, NULL, '2023-03-20 03:16:50.970016', '2023-03-20 03:16:50.970016', 3, 31),
(247, 'BHEDARGANJ', 'ভেদরগঞ্জ', NULL, NULL, '2023-03-20 03:16:50.970016', '2023-03-20 03:16:50.970016', 3, 32),
(248, 'DAMUDYA', 'ডামুড্যা', NULL, NULL, '2023-03-20 03:16:50.970016', '2023-03-20 03:16:50.970016', 3, 32),
(249, 'GOSAIRHAT', 'গোসাইরহাট', NULL, NULL, '2023-03-20 03:16:50.970016', '2023-03-20 03:16:50.970016', 3, 32),
(250, 'NARIA', 'নড়িয়া', NULL, NULL, '2023-03-20 03:16:50.970016', '2023-03-20 03:16:50.970016', 3, 32),
(251, 'SHARIATPUR SADAR', 'শরিয়তপুর সদর', NULL, NULL, '2023-03-20 03:16:50.970016', '2023-03-20 03:16:50.970016', 3, 32),
(252, 'ZANJIRA', 'জাজিরা', NULL, NULL, '2023-03-20 03:16:50.970016', '2023-03-20 03:16:50.970016', 3, 32),
(253, 'JHENAIGATI', 'ঝিনাইগাতী', NULL, NULL, '2023-03-20 03:16:50.970016', '2023-03-20 03:16:50.970016', 3, 33),
(254, 'NAKLA', 'নকলা', NULL, NULL, '2023-03-20 03:16:50.970016', '2023-03-20 03:16:50.970016', 3, 33),
(255, 'NALITABARI', 'নালিতাবাড়ী', NULL, NULL, '2023-03-20 03:16:50.970016', '2023-03-20 03:16:50.970016', 3, 33),
(256, 'SHERPUR SADAR', 'শেরপুর সদর', NULL, NULL, '2023-03-20 03:16:50.970016', '2023-03-20 03:16:50.970016', 3, 33),
(257, 'SREEBARDI', 'শ্রীবরদী', NULL, NULL, '2023-03-20 03:16:50.970016', '2023-03-20 03:16:50.970016', 3, 33),
(258, 'BASAIL', 'বাসাইল', NULL, NULL, '2023-03-20 03:16:50.970016', '2023-03-20 03:16:50.970016', 3, 34),
(259, 'BHUAPUR', 'ভুয়াপুর', NULL, NULL, '2023-03-20 03:16:50.970016', '2023-03-20 03:16:50.970016', 3, 34),
(260, 'DELDUAR', 'দেলদুয়ার', NULL, NULL, '2023-03-20 03:16:50.970016', '2023-03-20 03:16:50.970016', 3, 34),
(261, 'DHANBARI', 'ধনবাড়ী', NULL, NULL, '2023-03-20 03:16:50.970016', '2023-03-20 03:16:50.970016', 3, 34),
(262, 'GHATAIL', 'ঘাটাইল', NULL, NULL, '2023-03-20 03:16:50.970016', '2023-03-20 03:16:50.970016', 3, 34),
(263, 'GOPALPUR', 'গোপালপুর', NULL, NULL, '2023-03-20 03:16:50.970016', '2023-03-20 03:16:50.970016', 3, 34),
(264, 'KALIHATI', 'কালিহাতী', NULL, NULL, '2023-03-20 03:16:50.970016', '2023-03-20 03:16:50.970016', 3, 34),
(265, 'MADHUPUR', 'মধুপুর', NULL, NULL, '2023-03-20 03:16:50.970016', '2023-03-20 03:16:50.970016', 3, 34),
(266, 'MIRZAPUR', 'মির্জাপুর', NULL, NULL, '2023-03-20 03:16:50.970016', '2023-03-20 03:16:50.970016', 3, 34),
(267, 'NAGARPUR', 'নাগরপুর', NULL, NULL, '2023-03-20 03:16:50.970016', '2023-03-20 03:16:50.970016', 3, 34),
(268, 'SAKHIPUR', 'সখিপুর', NULL, NULL, '2023-03-20 03:16:50.970016', '2023-03-20 03:16:50.970016', 3, 34),
(269, 'TANGAIL SADAR', 'টাঙ্গাইল সদর', NULL, NULL, '2023-03-20 03:16:50.970016', '2023-03-20 03:16:50.970016', 3, 34),
(271, 'CHITALMARI', 'চিতলমারী ', NULL, NULL, '2023-03-20 03:16:50.970016', '2023-03-20 03:16:50.970016', 4, 35),
(272, 'FAKIRHAT', 'ফকিরহাট ', NULL, NULL, '2023-03-20 03:16:50.970016', '2023-03-20 03:16:50.970016', 4, 35),
(273, 'KACHUA', 'কচুয়া ', NULL, NULL, '2023-03-20 03:16:50.970016', '2023-03-20 03:16:50.970016', 4, 35),
(274, 'MOLLAHAT', 'মোল্লাহাট ', NULL, NULL, '2023-03-20 03:16:50.970016', '2023-03-20 03:16:50.970016', 4, 35),
(275, 'MONGLA', 'মোংলা ', NULL, NULL, '2023-03-20 03:16:50.970016', '2023-03-20 03:16:50.970016', 4, 35),
(276, 'MORRELGANJ', 'মোড়েলগঞ্জ ', NULL, NULL, '2023-03-20 03:16:50.970016', '2023-03-20 03:16:50.970016', 4, 35),
(277, 'RAMPAL', 'রামপাল ', NULL, NULL, '2023-03-20 03:16:50.970016', '2023-03-20 03:16:50.970016', 4, 35),
(278, 'SARANKHOLA', 'শরণখোলা', NULL, NULL, '2023-03-20 03:16:50.970016', '2023-03-20 03:16:50.970016', 4, 35),
(279, 'ALAMDANGA', 'আলমডাঙ্গা ', NULL, NULL, '2023-03-20 03:16:50.970016', '2023-03-20 03:16:50.970016', 4, 36),
(280, 'CHUADANGA SADAR', 'চুয়াডাঙ্গা সদর ', NULL, NULL, '2023-03-20 03:16:50.970016', '2023-03-20 03:16:50.970016', 4, 36),
(281, 'DAMURHUDA', 'দামুড়হুদা ', NULL, NULL, '2023-03-20 03:16:50.970016', '2023-03-20 03:16:50.970016', 4, 36),
(282, 'JIBAN NAGAR', 'জীবননগর ', NULL, NULL, '2023-03-20 03:16:50.970016', '2023-03-20 03:16:50.970016', 4, 36),
(283, 'ABHAYNAGAR', 'অভয়নগর ', NULL, NULL, '2023-03-20 03:16:50.970016', '2023-03-20 03:16:50.970016', 4, 37),
(284, 'BAGHER PARA', 'বাঘারপাড়া ', NULL, NULL, '2023-03-20 03:16:50.970016', '2023-03-20 03:16:50.970016', 4, 37),
(285, 'CHAUGACHHA', 'চৌগাছা', NULL, NULL, '2023-03-20 03:16:50.970016', '2023-03-20 03:16:50.970016', 4, 37),
(286, 'JHIKARGACHHA', 'ঝিকরগাছা ', NULL, NULL, '2023-03-20 03:16:50.970016', '2023-03-20 03:16:50.970016', 4, 37),
(287, 'KESHABPUR', 'কেশবপুর ', NULL, NULL, '2023-03-20 03:16:50.970016', '2023-03-20 03:16:50.970016', 4, 37),
(288, 'JESSORE SADAR', 'যশোর সদর ', NULL, NULL, '2023-03-20 03:16:50.970016', '2023-03-20 03:16:50.970016', 4, 37),
(289, 'MANIRAMPUR', 'মণিরামপুর', NULL, NULL, '2023-03-20 03:16:50.970016', '2023-03-20 03:16:50.970016', 4, 37),
(290, 'SHARSHA', 'শার্শা ', NULL, NULL, '2023-03-20 03:16:50.970016', '2023-03-20 03:16:50.970016', 4, 37),
(291, 'HARINAKUNDA', 'হরিণাকুন্ডু ', NULL, NULL, '2023-03-20 03:16:50.970016', '2023-03-20 03:16:50.970016', 4, 38),
(292, 'JHENAIDAH SADAR', 'ঝিনাইদহ সদর', NULL, NULL, '2023-03-20 03:16:50.970016', '2023-03-20 03:16:50.970016', 4, 38),
(293, 'KALIGANJ', 'কালীগঞ্জ ', NULL, NULL, '2023-03-20 03:16:50.970016', '2023-03-20 03:16:50.970016', 4, 38),
(294, 'KOTCHANDPUR', 'কোটচাঁদপুর ', NULL, NULL, '2023-03-20 03:16:50.970016', '2023-03-20 03:16:50.970016', 4, 38),
(295, 'MAHESHPUR', 'মহেশপুর ', NULL, NULL, '2023-03-20 03:16:50.970016', '2023-03-20 03:16:50.970016', 4, 38),
(296, 'SHAILKUPA', 'শৈলকুপা ', NULL, NULL, '2023-03-20 03:16:50.970016', '2023-03-20 03:16:50.970016', 4, 38),
(297, 'BATIAGHATA', 'বটিয়াঘাটা ', NULL, NULL, '2023-03-20 03:16:50.970016', '2023-03-20 03:16:50.970016', 4, 39),
(298, 'DACOPE', 'দাকোপ ', NULL, NULL, '2023-03-20 03:16:50.970016', '2023-03-20 03:16:50.970016', 4, 39),
(299, 'DUMURIA', 'ডুমুরিয়া ', NULL, NULL, '2023-03-20 03:16:50.970016', '2023-03-20 03:16:50.970016', 4, 39),
(300, 'KOYRA', 'কয়রা ', NULL, NULL, '2023-03-20 03:16:50.970016', '2023-03-20 03:16:50.970016', 4, 39),
(301, 'PAIKGACHHA', 'পাইকগাছা ', NULL, NULL, '2023-03-20 03:16:50.970016', '2023-03-20 03:16:50.970016', 4, 39),
(302, 'PHULTALA', 'ফুলতলা ', NULL, NULL, '2023-03-20 03:16:50.970016', '2023-03-20 03:16:50.970016', 4, 39),
(303, 'RUPSA', 'রূপসা ', NULL, NULL, '2023-03-20 03:16:50.970016', '2023-03-20 03:16:50.970016', 4, 39),
(304, 'TEROKHADA', 'তেরখাদা ', NULL, NULL, '2023-03-20 03:16:50.970016', '2023-03-20 03:16:50.970016', 4, 39),
(305, 'DHEGHOLIA', 'দিঘলিয়া', NULL, NULL, '2023-03-20 03:16:50.970016', '2023-03-20 03:16:50.970016', 4, 39),
(306, 'BHERAMARA', 'ভেড়ামারা ', NULL, NULL, '2023-03-20 03:16:50.970016', '2023-03-20 03:16:50.970016', 4, 40),
(307, 'DAULATPUR', 'দৌলতপুর ', NULL, NULL, '2023-03-20 03:16:50.970016', '2023-03-20 03:16:50.970016', 4, 40),
(308, 'KHOKSA', 'খোকসা', NULL, NULL, '2023-03-20 03:16:50.970016', '2023-03-20 03:16:50.970016', 4, 40),
(309, 'KUMARKHALI', 'কুমারখালী ', NULL, NULL, '2023-03-20 03:16:50.970016', '2023-03-20 03:16:50.970016', 4, 40),
(310, 'KUSHTIA SADAR', 'কুষ্টিয়া সদর ', NULL, NULL, '2023-03-20 03:16:50.970016', '2023-03-20 03:16:50.970016', 4, 40),
(311, 'MIRPUR', 'মিরপুর ', NULL, NULL, '2023-03-20 03:16:50.970016', '2023-03-20 03:16:50.970016', 4, 40),
(312, 'MAGURA SADAR', 'মাগুরা সদর ', NULL, NULL, '2023-03-20 03:16:50.970016', '2023-03-20 03:16:50.970016', 4, 41),
(313, 'MOHAMMADPUR', 'মহম্মদপুর ', NULL, NULL, '2023-03-20 03:16:50.970016', '2023-03-20 03:16:50.970016', 4, 41),
(314, 'SHALIKHA', 'শালিখা ', NULL, NULL, '2023-03-20 03:16:50.970016', '2023-03-20 03:16:50.970016', 4, 41),
(315, 'SREEPUR', 'শ্রীপুর ', NULL, NULL, '2023-03-20 03:16:50.970016', '2023-03-20 03:16:50.970016', 4, 41),
(316, 'GANGNI', 'গাংনী ', NULL, NULL, '2023-03-20 03:16:50.970016', '2023-03-20 03:16:50.970016', 4, 42),
(317, 'MUJIB NAGAR', 'মুজিবনগর ', NULL, NULL, '2023-03-20 03:16:50.970016', '2023-03-20 03:16:50.970016', 4, 42),
(318, 'MEHERPUR SADAR', 'মেহেরপুর সদর', NULL, NULL, '2023-03-20 03:16:50.970016', '2023-03-20 03:16:50.970016', 4, 42),
(319, 'KALIA', 'কালিয়া', NULL, NULL, '2023-03-20 03:16:50.970016', '2023-03-20 03:16:50.970016', 4, 43),
(320, 'LOHAGARA', 'লোহাগড়া', NULL, NULL, '2023-03-20 03:16:50.970016', '2023-03-20 03:16:50.970016', 4, 43),
(321, 'NARAIL SADAR', 'নড়াইল সদর ', NULL, NULL, '2023-03-20 03:16:50.970016', '2023-03-20 03:16:50.970016', 4, 43),
(322, 'ASSASUNI', 'আশাশুনি ', NULL, NULL, '2023-03-20 03:16:50.970016', '2023-03-20 03:16:50.970016', 4, 44),
(323, 'DEBHATA', 'দেবহাটা ', NULL, NULL, '2023-03-20 03:16:50.970016', '2023-03-20 03:16:50.970016', 4, 44),
(324, 'KALAROA', 'কলারোয়া ', NULL, NULL, '2023-03-20 03:16:50.970016', '2023-03-20 03:16:50.970016', 4, 44),
(325, 'KALIGANJ', 'কালিগঞ্জ ', NULL, NULL, '2023-03-20 03:16:50.970016', '2023-03-20 03:16:50.970016', 4, 44),
(326, 'SATKHIRA SADAR', 'সাতক্ষীরা সদর', NULL, NULL, '2023-03-20 03:16:50.970016', '2023-03-20 03:16:50.970016', 4, 44),
(327, 'SHYAMNAGAR', 'শ্যামনগর ', NULL, NULL, '2023-03-20 03:16:50.970016', '2023-03-20 03:16:50.970016', 4, 44),
(328, 'TALA', 'তালা ', NULL, NULL, '2023-03-20 03:16:50.970016', '2023-03-20 03:16:50.970016', 4, 44),
(329, 'ADAMDIGHI', 'আদমদিঘি', NULL, NULL, '2023-03-20 03:16:50.970016', '2023-03-20 03:16:50.970016', 5, 45),
(330, 'BOGRA SADAR', 'বগুড়া  সদর', NULL, NULL, '2023-03-20 03:16:50.970016', '2023-03-20 03:16:50.970016', 5, 45),
(331, 'DHUNAT', 'ধুনট', NULL, NULL, '2023-03-20 03:16:50.970016', '2023-03-20 03:16:50.970016', 5, 45),
(332, 'DHUPCHANCHIA', 'দুপচাচিঁয়া', NULL, NULL, '2023-03-20 03:16:50.970016', '2023-03-20 03:16:50.970016', 5, 45),
(333, 'GABTALI', 'গাবতলি', NULL, NULL, '2023-03-20 03:16:50.970016', '2023-03-20 03:16:50.970016', 5, 45),
(334, 'KAHALOO', 'কাহালু', NULL, NULL, '2023-03-20 03:16:50.970016', '2023-03-20 03:16:50.970016', 5, 45),
(335, 'NANDIGRAM', 'নন্দিগ্রাম', NULL, NULL, '2023-03-20 03:16:50.970016', '2023-03-20 03:16:50.970016', 5, 45),
(336, 'SARIAKANDI', 'সারিয়াকান্দি', NULL, NULL, '2023-03-20 03:16:50.970016', '2023-03-20 03:16:50.970016', 5, 45),
(337, 'SHAJAHANPUR', 'শাজাহানপুর', NULL, NULL, '2023-03-20 03:16:50.970016', '2023-03-20 03:16:50.970016', 5, 45),
(338, 'SHERPUR', 'শেরপুর', NULL, NULL, '2023-03-20 03:16:50.970016', '2023-03-20 03:16:50.970016', 5, 45),
(339, 'SHIBGANJ', 'শিবগঞ্জ', NULL, NULL, '2023-03-20 03:16:50.970016', '2023-03-20 03:16:50.970016', 5, 45),
(340, 'SONATOLA', 'সোনাতলা ', NULL, NULL, '2023-03-20 03:16:50.970016', '2023-03-20 03:16:50.970016', 5, 45),
(341, 'AKKELPUR', 'আক্কেলপুর ', NULL, NULL, '2023-03-20 03:16:50.970016', '2023-03-20 03:16:50.970016', 5, 46),
(342, 'JOYPURHAT SADAR', ' জয়পুরহাট সদর', NULL, NULL, '2023-03-20 03:16:50.970016', '2023-03-20 03:16:50.970016', 5, 46),
(343, 'KALAI', 'কালাই', NULL, NULL, '2023-03-20 03:16:50.970016', '2023-03-20 03:16:50.970016', 5, 46),
(344, 'ATRAI', 'আত্রাই', NULL, NULL, '2023-03-20 03:16:50.970016', '2023-03-20 03:16:50.970016', 5, 47),
(345, 'DHAMOIRHAT', 'ধামইরহাট', NULL, NULL, '2023-03-20 03:16:50.970016', '2023-03-20 03:16:50.970016', 5, 47),
(346, 'MANDA', 'মান্দা', NULL, NULL, '2023-03-20 03:16:50.970016', '2023-03-20 03:16:50.970016', 5, 47),
(347, 'MAHADEBPUR', 'মহাদেবপুর', NULL, NULL, '2023-03-20 03:16:50.970016', '2023-03-20 03:16:50.970016', 5, 47),
(348, 'NAOGAON SADAR', 'নওগাঁ সদর', NULL, NULL, '2023-03-20 03:16:50.970016', '2023-03-20 03:16:50.970016', 5, 47),
(349, 'NIAMATPUR', 'নিয়ামতপুর', NULL, NULL, '2023-03-20 03:16:50.970016', '2023-03-20 03:16:50.970016', 5, 47),
(350, 'PATNITALA', 'পত্নীতলা', NULL, NULL, '2023-03-20 03:16:50.970016', '2023-03-20 03:16:50.970016', 5, 47),
(351, 'RANINAGAR', 'রাণীনগর', NULL, NULL, '2023-03-20 03:16:50.970016', '2023-03-20 03:16:50.970016', 5, 47),
(352, 'SAPAHAR', 'সাপাহার', NULL, NULL, '2023-03-20 03:16:50.970016', '2023-03-20 03:16:50.970016', 5, 47),
(353, 'BODOLGACHI', 'বদলগাছী', NULL, NULL, '2023-03-20 03:16:50.970016', '2023-03-20 03:16:50.970016', 5, 47),
(354, 'PORSHA', 'পোরশা', NULL, NULL, '2023-03-20 03:16:50.970016', '2023-03-20 03:16:50.970016', 5, 47),
(355, 'BAGATIPARA', 'বাগাতিপাড়া', NULL, NULL, '2023-03-20 03:16:50.970016', '2023-03-20 03:16:50.970016', 5, 48),
(356, 'BARAIGRAM', 'বড়াইগ্রাম', NULL, NULL, '2023-03-20 03:16:50.970016', '2023-03-20 03:16:50.970016', 5, 48),
(357, 'GURUDASPUR', 'গুরুদাসপুর', NULL, NULL, '2023-03-20 03:16:50.970016', '2023-03-20 03:16:50.970016', 5, 48),
(358, 'LALPUR', 'লালপুর', NULL, NULL, '2023-03-20 03:16:50.970016', '2023-03-20 03:16:50.970016', 5, 48),
(359, 'NATORE SADAR', 'নাটোর সদর', NULL, NULL, '2023-03-20 03:16:50.970016', '2023-03-20 03:16:50.970016', 5, 48),
(360, 'SINGRA', 'সিংড়া ', NULL, NULL, '2023-03-20 03:16:50.970016', '2017-09-10 09:28:30.000000', 5, 48),
(361, 'BHOLAHAT', 'ভোলাহাট', NULL, NULL, '2023-03-20 03:16:50.970016', '2023-03-20 03:16:50.970016', 5, 49),
(362, 'GOMASTAPUR', 'গোমস্তাপুর', NULL, NULL, '2023-03-20 03:16:50.970016', '2023-03-20 03:16:50.970016', 5, 49),
(363, 'NACHOLE', 'নাচোল', NULL, NULL, '2023-03-20 03:16:50.970016', '2023-03-20 03:16:50.970016', 5, 49),
(364, 'CHAPAI NABABGANJ SADAR', 'চাঁপাই নাবাবগঞ্জ সদর', NULL, NULL, '2023-03-20 03:16:50.970016', '2023-03-20 03:16:50.970016', 5, 49),
(365, 'SHIBGANJ', 'শিবগঞ্জ ', NULL, NULL, '2023-03-20 03:16:50.970016', '2023-03-20 03:16:50.970016', 5, 49),
(366, 'ATGHARIA', 'আটঘারিয়া', NULL, NULL, '2023-03-20 03:16:50.970016', '2023-03-20 03:16:50.970016', 5, 50),
(367, 'BERA', 'বেড়া', NULL, NULL, '2023-03-20 03:16:50.970016', '2023-03-20 03:16:50.970016', 5, 50),
(368, 'BHANGURA', 'ভাঙ্গুরা', NULL, NULL, '2023-03-20 03:16:50.970016', '2023-03-20 03:16:50.970016', 5, 50),
(369, 'CHATMOHAR', 'চাটমোহর ', NULL, NULL, '2023-03-20 03:16:50.970016', '2023-03-20 03:16:50.970016', 5, 50),
(370, 'FARIDPUR', 'ফরিদপুর', NULL, NULL, '2023-03-20 03:16:50.970016', '2023-03-20 03:16:50.970016', 5, 50),
(371, 'ISHWARDI', 'ঈশ্বরদী ', NULL, NULL, '2023-03-20 03:16:50.970016', '2023-03-20 03:16:50.970016', 5, 50),
(372, 'PABNA SADAR', 'পাবনা সদর', NULL, NULL, '2023-03-20 03:16:50.970016', '2023-03-20 03:16:50.970016', 5, 50),
(373, 'SANTHIA', 'সাঁথিয়া', NULL, NULL, '2023-03-20 03:16:50.970016', '2023-03-20 03:16:50.970016', 5, 50),
(374, 'SUJANAGAR', 'সুজানগর', NULL, NULL, '2023-03-20 03:16:50.970016', '2023-03-20 03:16:50.970016', 5, 50),
(375, 'BAGHA', 'বাঘা', NULL, NULL, '2023-03-20 03:16:50.970016', '2023-03-20 03:16:50.970016', 5, 51),
(376, 'BAGHMARA', 'বাগমারা', NULL, NULL, '2023-03-20 03:16:50.970016', '2023-03-20 03:16:50.970016', 5, 51),
(377, 'CHARGHAT', 'চারঘাট ', NULL, NULL, '2023-03-20 03:16:50.970016', '2023-03-20 03:16:50.970016', 5, 51),
(378, 'DURGAPUR', 'দুর্গাপুর ', NULL, NULL, '2023-03-20 03:16:50.970016', '2023-03-20 03:16:50.970016', 5, 51),
(379, 'GODAGARI', 'গোদাগাড়ী ', NULL, NULL, '2023-03-20 03:16:50.970016', '2023-03-20 03:16:50.970016', 5, 51),
(380, 'MOHANPUR', 'মোহনপুর', NULL, NULL, '2023-03-20 03:16:50.970016', '2023-03-20 03:16:50.970016', 5, 51),
(381, 'PABA', 'পবা', NULL, NULL, '2023-03-20 03:16:50.970016', '2023-03-20 03:16:50.970016', 5, 51),
(382, 'PUTHIA', 'পুথিয়া', NULL, NULL, '2023-03-20 03:16:50.970016', '2023-03-20 03:16:50.970016', 5, 51),
(383, 'TANORE', 'তানোর', NULL, NULL, '2023-03-20 03:16:50.970016', '2023-03-20 03:16:50.970016', 5, 51),
(384, 'BELKUCHI', 'বেলকুচি ', NULL, NULL, '2023-03-20 03:16:50.970016', '2023-03-20 03:16:50.970016', 5, 52),
(385, 'CHAUHALI', 'চৌহালি', NULL, NULL, '2023-03-20 03:16:50.970016', '2023-03-20 03:16:50.970016', 5, 52),
(386, 'KAMARKHANDA', 'কামারখন্দ', NULL, NULL, '2023-03-20 03:16:50.970016', '2023-03-20 03:16:50.970016', 5, 52),
(387, 'KAZIPUR', 'কাজিপুর', NULL, NULL, '2023-03-20 03:16:50.970016', '2023-03-20 03:16:50.970016', 5, 52),
(388, 'ROYGANJ', 'রাইগঞ্জ', NULL, NULL, '2023-03-20 03:16:50.970016', '2023-03-20 03:16:50.970016', 5, 52),
(389, 'SHAHJADPUR', 'শাহজাদপুর', NULL, NULL, '2023-03-20 03:16:50.970016', '2023-03-20 03:16:50.970016', 5, 52),
(390, 'SIRAJGANJ SADAR', 'সিরাজগঞ্জ সদর', NULL, NULL, '2023-03-20 03:16:50.970016', '2023-03-20 03:16:50.970016', 5, 52),
(391, 'TARASH', 'তারাশ', NULL, NULL, '2023-03-20 03:16:50.970016', '2023-03-20 03:16:50.970016', 5, 52),
(392, 'ULLAH PARA', 'উল্লাহ পারা', NULL, NULL, '2023-03-20 03:16:50.970016', '2023-03-20 03:16:50.970016', 5, 52),
(393, 'BIRAMPUR', 'বিরামপুর ', NULL, NULL, '2023-03-20 03:16:50.970016', '2023-03-20 03:16:50.970016', 6, 53),
(394, 'BIRGANJ', 'বীরগঞ্জ', NULL, NULL, '2023-03-20 03:16:50.970016', '2023-03-20 03:16:50.970016', 6, 53),
(395, 'BIRAL', 'বিরল', NULL, NULL, '2023-03-20 03:16:50.970016', '2023-03-20 03:16:50.970016', 6, 53),
(396, 'BOCHAGANJ', 'বোচাগঞ্জ', NULL, NULL, '2023-03-20 03:16:50.970016', '2023-03-20 03:16:50.970016', 6, 53),
(397, 'CHIRIRBANDAR', 'চিরিরবন্দর', NULL, NULL, '2023-03-20 03:16:50.970016', '2023-03-20 03:16:50.970016', 6, 53),
(398, 'FULBARI', 'ফুলবাড়ী', NULL, NULL, '2023-03-20 03:16:50.970016', '2023-03-20 03:16:50.970016', 6, 53),
(399, 'GHORAGHAT', 'ঘোড়াঘাট', NULL, NULL, '2023-03-20 03:16:50.970016', '2023-03-20 03:16:50.970016', 6, 53),
(400, 'HAKIMPUR', 'হাকিমপুর', NULL, NULL, '2023-03-20 03:16:50.970016', '2023-03-20 03:16:50.970016', 6, 53),
(401, 'KAHAROLE', 'কাহারোল', NULL, NULL, '2023-03-20 03:16:50.970016', '2023-03-20 03:16:50.970016', 6, 53),
(402, 'KHANSAMA', 'খানসামা', NULL, NULL, '2023-03-20 03:16:50.970016', '2023-03-20 03:16:50.970016', 6, 53),
(403, 'NAWABGANJ', 'নবাবগঞ্জ', NULL, NULL, '2023-03-20 03:16:50.970016', '2023-03-20 03:16:50.970016', 6, 53),
(404, 'PARBATIPUR', 'পার্বতীপুর', NULL, NULL, '2023-03-20 03:16:50.970016', '2023-03-20 03:16:50.970016', 6, 53),
(405, 'DINAJPUR SADAR', 'দিনাজপুর সদর', NULL, NULL, '2023-03-20 03:16:50.970016', '2023-03-20 03:16:50.970016', 6, 53),
(406, 'FULCHHARI', 'ফুলছড়ি', NULL, NULL, '2023-03-20 03:16:50.970016', '2023-03-20 03:16:50.970016', 6, 54),
(407, 'GAIBANDHA SADAR', 'গাইবান্ধা সদর', NULL, NULL, '2023-03-20 03:16:50.970016', '2023-03-20 03:16:50.970016', 6, 54),
(408, 'GOBINDAGANJ', 'গোবিন্দগঞ্জ', NULL, NULL, '2023-03-20 03:16:50.970016', '2023-03-20 03:16:50.970016', 6, 54),
(409, 'PALASHBARI', 'পলাশবাড়ী', NULL, NULL, '2023-03-20 03:16:50.970016', '2023-03-20 03:16:50.970016', 6, 54),
(410, 'SADULLAPUR', 'সাদুল্লাপুর', NULL, NULL, '2023-03-20 03:16:50.970016', '2023-03-20 03:16:50.970016', 6, 54),
(411, 'SAGHATA', 'সাঘাটা', NULL, NULL, '2023-03-20 03:16:50.970016', '2023-03-20 03:16:50.970016', 6, 54),
(412, 'SUNDARGANJ', 'সুন্দরগঞ্জ', NULL, NULL, '2023-03-20 03:16:50.970016', '2023-03-20 03:16:50.970016', 6, 54),
(413, 'BHURUNGAMARI', 'ভুরুঙ্গামারী', NULL, NULL, '2023-03-20 03:16:50.970016', '2023-03-20 03:16:50.970016', 6, 55),
(414, 'CHAR RAJIBPUR', 'চর রাজিবপুর', NULL, NULL, '2023-03-20 03:16:50.970016', '2023-03-20 03:16:50.970016', 6, 55),
(415, 'CHILMARI', 'চিলমারী ', NULL, NULL, '2023-03-20 03:16:50.970016', '2023-03-20 03:16:50.970016', 6, 55),
(416, 'PHULBARI', 'ফুলবাড়ী', NULL, NULL, '2023-03-20 03:16:50.970016', '2023-03-20 03:16:50.970016', 6, 55),
(417, 'KURIGRAM SADAR', 'কুড়িগ্রাম সদর', NULL, NULL, '2023-03-20 03:16:50.970016', '2023-03-20 03:16:50.970016', 6, 55),
(418, 'NAGESHWARI', 'নাগেশ্বরী', NULL, NULL, '2023-03-20 03:16:50.970016', '2023-03-20 03:16:50.970016', 6, 55),
(419, 'RAJARHAT', 'রাজারহাট', NULL, NULL, '2023-03-20 03:16:50.970016', '2023-03-20 03:16:50.970016', 6, 55),
(420, 'RAUMARI', 'রৌমারী', NULL, NULL, '2023-03-20 03:16:50.970016', '2023-03-20 03:16:50.970016', 6, 55),
(421, 'ULIPUR', 'উলিপুর', NULL, NULL, '2023-03-20 03:16:50.970016', '2023-03-20 03:16:50.970016', 6, 55),
(422, 'ADITMARI', 'আদিতমারী', NULL, NULL, '2023-03-20 03:16:50.970016', '2023-03-20 03:16:50.970016', 6, 56),
(423, 'HATIBANDHA', 'হাতীবান্ধা', NULL, NULL, '2023-03-20 03:16:50.970016', '2023-03-20 03:16:50.970016', 6, 56),
(424, 'KALIGANJ', 'কালীগঞ্জ', NULL, NULL, '2023-03-20 03:16:50.970016', '2023-03-20 03:16:50.970016', 6, 56),
(425, 'LALMONIRHAT SADAR', 'লালমনিরহাট সদর', NULL, NULL, '2023-03-20 03:16:50.970016', '2023-03-20 03:16:50.970016', 6, 56),
(426, 'PATGRAM', 'পাটগ্রাম', NULL, NULL, '2023-03-20 03:16:50.970016', '2023-03-20 03:16:50.970016', 6, 56),
(427, 'DOMAR UPAZILA', 'ডোমার উপজেলা', NULL, NULL, '2023-03-20 03:16:50.970016', '2023-03-20 03:16:50.970016', 6, 57),
(428, 'JALDHAKA', 'জলঢাকা', NULL, NULL, '2023-03-20 03:16:50.970016', '2023-03-20 03:16:50.970016', 6, 57),
(429, 'KISHOREGANJ', 'কিশোরগঞ্জ', NULL, NULL, '2023-03-20 03:16:50.970016', '2023-03-20 03:16:50.970016', 6, 57),
(430, 'NILPHAMARI SADAR', 'নীলফামারী সদর', NULL, NULL, '2023-03-20 03:16:50.970016', '2023-03-20 03:16:50.970016', 6, 57),
(431, 'SAIDPUR UPAZILA', 'সৈয়দপুর উপজেলা', NULL, NULL, '2023-03-20 03:16:50.970016', '2023-03-20 03:16:50.970016', 6, 57),
(432, 'DIMLA', 'ডিমলা', NULL, NULL, '2023-03-20 03:16:50.970016', '2023-03-20 03:16:50.970016', 6, 57),
(433, 'ATWARI', 'আটোয়ারী', NULL, NULL, '2023-03-20 03:16:50.970016', '2023-03-20 03:16:50.970016', 6, 58),
(434, 'BODA', 'বোদা', NULL, NULL, '2023-03-20 03:16:50.970016', '2023-03-20 03:16:50.970016', 6, 58),
(435, 'DEBIGANJ', 'দেবীগঞ্জ', NULL, NULL, '2023-03-20 03:16:50.970016', '2023-03-20 03:16:50.970016', 6, 58),
(436, 'PANCHAGARH SADAR', 'পঞ্চগড় সদর', NULL, NULL, '2023-03-20 03:16:50.970016', '2023-03-20 03:16:50.970016', 6, 58),
(437, 'TENTULIA', 'তেতুলিয়া', NULL, NULL, '2023-03-20 03:16:50.970016', '2023-03-20 03:16:50.970016', 6, 58),
(438, 'BADARGANJ', 'বদরগঞ্জ', NULL, NULL, '2023-03-20 03:16:50.970016', '2023-03-20 03:16:50.970016', 6, 59),
(439, 'KAUNIA', 'কাউনিয়া', NULL, NULL, '2023-03-20 03:16:50.970016', '2023-03-20 03:16:50.970016', 6, 59),
(440, 'RANGPUR SADAR', 'রংপুর সদর', NULL, NULL, '2023-03-20 03:16:50.970016', '2023-03-20 03:16:50.970016', 6, 59),
(441, 'MITHA PUKUR', 'মিঠাপুকুর', NULL, NULL, '2023-03-20 03:16:50.970016', '2023-03-20 03:16:50.970016', 6, 59),
(442, 'PIRGACHHA', 'পীরগাছা', NULL, NULL, '2023-03-20 03:16:50.970016', '2023-03-20 03:16:50.970016', 6, 59),
(443, 'PIRGANJ', 'পীরগঞ্জ ', NULL, NULL, '2023-03-20 03:16:50.970016', '2023-03-20 03:16:50.970016', 6, 59),
(444, 'TARAGANJ', 'তারাগঞ্জ', NULL, NULL, '2023-03-20 03:16:50.970016', '2023-03-20 03:16:50.970016', 6, 59),
(445, 'GANGAHORA', 'গঙ্গাচড়া', NULL, NULL, '2023-03-20 03:16:50.970016', '2023-03-20 03:16:50.970016', 6, 59),
(446, 'BALIADANGI', 'বালিয়াডাঙ্গী', NULL, NULL, '2023-03-20 03:16:50.970016', '2023-03-20 03:16:50.970016', 6, 60),
(447, 'HARIPUR', 'হরিপুর', NULL, NULL, '2023-03-20 03:16:50.970016', '2023-03-20 03:16:50.970016', 6, 60),
(448, 'PIRGANJ', 'পীরগঞ্জ', NULL, NULL, '2023-03-20 03:16:50.970016', '2023-03-20 03:16:50.970016', 6, 60),
(449, 'RANISANKAIL', 'রাণীশংকৈল', NULL, NULL, '2023-03-20 03:16:50.970016', '2023-03-20 03:16:50.970016', 6, 60),
(450, 'THAKURGAON SADAR', 'ঠাকুরগাঁও সদর', NULL, NULL, '2023-03-20 03:16:50.970016', '2023-03-20 03:16:50.970016', 6, 60),
(451, 'AJMIRIGANJ', 'আজমিরীগঞ্জ', NULL, NULL, '2023-03-20 03:16:50.970016', '2023-03-20 03:16:50.970016', 7, 61),
(452, 'BAHUBAL', 'বাহুবল ', NULL, NULL, '2023-03-20 03:16:50.970016', '2023-03-20 03:16:50.970016', 7, 61),
(453, 'BANIACHONG', 'বানিয়াচং ', NULL, NULL, '2023-03-20 03:16:50.970016', '2023-03-20 03:16:50.970016', 7, 61),
(454, 'CHUNARUGHAT', 'চুনারুঘাট ', NULL, NULL, '2023-03-20 03:16:50.970016', '2023-03-20 03:16:50.970016', 7, 61),
(455, 'HABIGANJ SADAR', 'হবিগঞ্জ সদর ', NULL, NULL, '2023-03-20 03:16:50.970016', '2023-03-20 03:16:50.970016', 7, 61),
(456, 'LAKHAI', 'লাখাই ', NULL, NULL, '2023-03-20 03:16:50.970016', '2023-03-20 03:16:50.970016', 7, 61),
(457, 'MADHABPUR', 'মাধবপুর ', NULL, NULL, '2023-03-20 03:16:50.970016', '2023-03-20 03:16:50.970016', 7, 61);
INSERT INTO `upazila` (`id`, `name`, `namebn`, `lat`, `long`, `created_at`, `updated_at`, `division_id`, `district_id`) VALUES
(458, 'NABIGANJ', 'নবীগঞ্জ ', NULL, NULL, '2023-03-20 03:16:50.970016', '2023-03-20 03:16:50.970016', 7, 61),
(459, 'BARLEKHA', 'বড়লেখা ', NULL, NULL, '2023-03-20 03:16:50.970016', '2023-03-20 03:16:50.970016', 7, 62),
(460, 'JURI', 'জুড়ী ', NULL, NULL, '2023-03-20 03:16:50.970016', '2023-03-20 03:16:50.970016', 7, 62),
(461, 'KAMALGANJ', 'কমলগঞ্জ ', NULL, NULL, '2023-03-20 03:16:50.970016', '2023-03-20 03:16:50.970016', 7, 62),
(462, 'KULAURA', 'কুলাউড়া ', NULL, NULL, '2023-03-20 03:16:50.970016', '2023-03-20 03:16:50.970016', 7, 62),
(463, 'MAULVIBAZAR SADAR', 'মৌলভীবাজার সদর ', NULL, NULL, '2023-03-20 03:16:50.970016', '2023-03-20 03:16:50.970016', 7, 62),
(464, 'RAJNAGAR', 'রাজনগর ', NULL, NULL, '2023-03-20 03:16:50.970016', '2023-03-20 03:16:50.970016', 7, 62),
(465, 'SREEMANGAL', 'শ্রীমঙ্গল', NULL, NULL, '2023-03-20 03:16:50.970016', '2023-03-20 03:16:50.970016', 7, 62),
(466, 'BISHWAMBARPUR', 'বিশ্বম্ভরপুর ', NULL, NULL, '2023-03-20 03:16:50.970016', '2023-03-20 03:16:50.970016', 7, 63),
(467, 'CHHATAK', 'ছাতক ', NULL, NULL, '2023-03-20 03:16:50.970016', '2023-03-20 03:16:50.970016', 7, 63),
(468, 'DERAI', 'দিরাই ', NULL, NULL, '2023-03-20 03:16:50.970016', '2023-03-20 03:16:50.970016', 7, 63),
(469, 'DHARAMPASHA', 'ধর্মপাশা ', NULL, NULL, '2023-03-20 03:16:50.970016', '2023-03-20 03:16:50.970016', 7, 63),
(470, 'DOWARABAZAR', 'দোয়ারাবাজার ', NULL, NULL, '2023-03-20 03:16:50.970016', '2023-03-20 03:16:50.970016', 7, 63),
(471, 'JAGANNATHPUR', 'জগন্নাথপুর ', NULL, NULL, '2023-03-20 03:16:50.970016', '2023-03-20 03:16:50.970016', 7, 63),
(472, 'JAMALGANJ', 'জামালগঞ্জ ', NULL, NULL, '2023-03-20 03:16:50.970016', '2023-03-20 03:16:50.970016', 7, 63),
(473, 'SULLA', 'শাল্লা ', NULL, NULL, '2023-03-20 03:16:50.970016', '2023-03-20 03:16:50.970016', 7, 63),
(474, 'SUNAMGANJ SADAR', 'সুনামগঞ্জ সদর ', NULL, NULL, '2023-03-20 03:16:50.970016', '2023-03-20 03:16:50.970016', 7, 63),
(475, 'TAHIRPUR', 'তাহিরপুর ', NULL, NULL, '2023-03-20 03:16:50.970016', '2023-03-20 03:16:50.970016', 7, 63),
(476, 'DAKSHIN  SUNAMGANJ', 'দক্ষিণ  সুনামগঞ্জ', NULL, NULL, '2023-03-20 03:16:50.970016', '2023-03-20 03:16:50.970016', 7, 63),
(477, 'BALAGANJ', 'বালাগঞ্জ ', NULL, NULL, '2023-03-20 03:16:50.970016', '2023-03-20 03:16:50.970016', 7, 64),
(478, 'BEANI BAZAR', 'বিয়ানীবাজার ', NULL, NULL, '2023-03-20 03:16:50.970016', '2023-03-20 03:16:50.970016', 7, 64),
(479, 'BISHWANATH', 'বিশ্বনাথ ', NULL, NULL, '2023-03-20 03:16:50.970016', '2023-03-20 03:16:50.970016', 7, 64),
(480, 'COMPANIGANJ', 'কোম্পানীগঞ্জ ', NULL, NULL, '2023-03-20 03:16:50.970016', '2023-03-20 03:16:50.970016', 7, 64),
(481, 'DAKSHIN SURMA', 'দক্ষিণ সুরমা ', NULL, NULL, '2023-03-20 03:16:50.970016', '2023-03-20 03:16:50.970016', 7, 64),
(482, 'FENCHUGANJ', 'ফেঞ্চুগঞ্জ ', NULL, NULL, '2023-03-20 03:16:50.970016', '2023-03-20 03:16:50.970016', 7, 64),
(483, 'GOLAPGANJ', 'গোলাপগঞ্জ ', NULL, NULL, '2023-03-20 03:16:50.970016', '2023-03-20 03:16:50.970016', 7, 64),
(484, 'GOWAINGHAT', 'গোয়াইনঘাট ', NULL, NULL, '2023-03-20 03:16:50.970016', '2023-03-20 03:16:50.970016', 7, 64),
(485, 'JAINTIAPUR', 'জৈন্তাপুর ', NULL, NULL, '2023-03-20 03:16:50.970016', '2023-03-20 03:16:50.970016', 7, 64),
(486, 'KANAIGHAT', 'কানাইঘাট ', NULL, NULL, '2023-03-20 03:16:50.970016', '2023-03-20 03:16:50.970016', 7, 64),
(487, 'SYLHET SADAR', 'সিলেট সদর ', NULL, NULL, '2023-03-20 03:16:50.970016', '2023-03-20 03:16:50.970016', 7, 64),
(488, 'ZAKIGANJ', 'জকিগঞ্জ ', NULL, NULL, '2023-03-20 03:16:50.970016', '2023-03-20 03:16:50.970016', 7, 64),
(489, 'Bagerhat Sadar', 'বাগেরহাট সদর', NULL, NULL, '2016-07-12 09:52:14.000000', '2016-07-12 09:52:14.000000', 4, 35),
(490, 'Guimara', 'গুইমারা', NULL, NULL, '2017-04-24 04:37:10.000000', '2017-04-24 04:37:10.000000', 2, 14),
(491, 'charfassion', 'চরফ্যাশন', NULL, NULL, '2017-06-08 07:25:38.000000', '2017-06-08 07:25:38.000000', 1, 3),
(492, 'Osmaninagar', 'ওসমানীনগর', NULL, NULL, '2017-06-20 09:34:12.000000', '2017-06-20 09:34:12.000000', 7, 64),
(493, 'Khetlal', 'ক্ষেতলাল', NULL, NULL, '2017-08-20 05:29:08.000000', '2017-08-20 05:29:08.000000', 5, 46),
(494, 'Panchbibi', 'পাঁচবিবি', NULL, NULL, '2017-08-20 05:30:06.000000', '2017-08-20 05:30:06.000000', 5, 46),
(495, 'Naldanga ', 'নলডাঙ্গা ', NULL, NULL, '2017-09-10 09:23:57.000000', '2017-09-10 09:23:57.000000', 5, 48),
(496, 'KABIRHAT', 'কবিরহাট', NULL, NULL, '2021-01-04 08:02:56.000000', '2021-01-04 08:02:56.000000', 2, 16),
(497, 'GALACHIPA', 'গলাচিপা', NULL, NULL, '2021-01-05 04:01:11.000000', '2021-01-05 04:01:11.000000', 1, 5);

-- --------------------------------------------------------

--
-- Table structure for table `ward`
--

CREATE TABLE `ward` (
  `id` int NOT NULL,
  `name` varchar(255) NOT NULL,
  `namebn` varchar(255) NOT NULL,
  `lat` int NOT NULL,
  `long` int NOT NULL,
  `created_at` datetime(6) NOT NULL DEFAULT CURRENT_TIMESTAMP(6),
  `updated_at` datetime(6) NOT NULL DEFAULT CURRENT_TIMESTAMP(6) ON UPDATE CURRENT_TIMESTAMP(6)
) ENGINE=InnoDB DEFAULT CHARSET=utf8mb4 COLLATE=utf8mb4_0900_ai_ci;

-- --------------------------------------------------------

--
-- Table structure for table `zone`
--

CREATE TABLE `zone` (
  `id` int NOT NULL,
  `name` varchar(255) NOT NULL,
  `namebn` varchar(255) NOT NULL,
  `lat` int NOT NULL,
  `long` int NOT NULL,
  `created_at` datetime(6) NOT NULL DEFAULT CURRENT_TIMESTAMP(6),
  `updated_at` datetime(6) NOT NULL DEFAULT CURRENT_TIMESTAMP(6) ON UPDATE CURRENT_TIMESTAMP(6)
) ENGINE=InnoDB DEFAULT CHARSET=utf8mb4 COLLATE=utf8mb4_0900_ai_ci;

--
-- Indexes for dumped tables
--

--
-- Indexes for table `district`
--
ALTER TABLE `district`
  ADD PRIMARY KEY (`id`),
  ADD KEY `FK_3212c7b175a6bb4bcf82ff2b899` (`division_id`);

--
-- Indexes for table `division`
--
ALTER TABLE `division`
  ADD PRIMARY KEY (`id`);

--
-- Indexes for table `microarea`
--
ALTER TABLE `microarea`
  ADD PRIMARY KEY (`id`);

--
-- Indexes for table `municipality`
--
ALTER TABLE `municipality`
  ADD PRIMARY KEY (`id`);

--
-- Indexes for table `thana`
--
ALTER TABLE `thana`
  ADD PRIMARY KEY (`id`);

--
-- Indexes for table `union`
--
ALTER TABLE `union`
  ADD PRIMARY KEY (`id`);

--
-- Indexes for table `upazila`
--
ALTER TABLE `upazila`
  ADD PRIMARY KEY (`id`),
  ADD KEY `FK_20ea6a33c001bc7618d09cfbeab` (`division_id`),
  ADD KEY `FK_7465637ecaf8f909ee087ffdc1d` (`district_id`);

--
-- Indexes for table `ward`
--
ALTER TABLE `ward`
  ADD PRIMARY KEY (`id`);

--
-- Indexes for table `zone`
--
ALTER TABLE `zone`
  ADD PRIMARY KEY (`id`);

--
-- AUTO_INCREMENT for dumped tables
--

--
-- AUTO_INCREMENT for table `district`
--
ALTER TABLE `district`
  MODIFY `id` int NOT NULL AUTO_INCREMENT, AUTO_INCREMENT=65;

--
-- AUTO_INCREMENT for table `division`
--
ALTER TABLE `division`
  MODIFY `id` int NOT NULL AUTO_INCREMENT, AUTO_INCREMENT=10;

--
-- AUTO_INCREMENT for table `microarea`
--
ALTER TABLE `microarea`
  MODIFY `id` int NOT NULL AUTO_INCREMENT;

--
-- AUTO_INCREMENT for table `municipality`
--
ALTER TABLE `municipality`
  MODIFY `id` int NOT NULL AUTO_INCREMENT;

--
-- AUTO_INCREMENT for table `thana`
--
ALTER TABLE `thana`
  MODIFY `id` int NOT NULL AUTO_INCREMENT;

--
-- AUTO_INCREMENT for table `union`
--
ALTER TABLE `union`
  MODIFY `id` int NOT NULL AUTO_INCREMENT;

--
-- AUTO_INCREMENT for table `upazila`
--
ALTER TABLE `upazila`
  MODIFY `id` int NOT NULL AUTO_INCREMENT, AUTO_INCREMENT=498;

--
-- AUTO_INCREMENT for table `ward`
--
ALTER TABLE `ward`
  MODIFY `id` int NOT NULL AUTO_INCREMENT;

--
-- AUTO_INCREMENT for table `zone`
--
ALTER TABLE `zone`
  MODIFY `id` int NOT NULL AUTO_INCREMENT;

--
-- Constraints for dumped tables
--

--
-- Constraints for table `district`
--
ALTER TABLE `district`
  ADD CONSTRAINT `FK_3212c7b175a6bb4bcf82ff2b899` FOREIGN KEY (`division_id`) REFERENCES `division` (`id`) ON DELETE CASCADE;

--
-- Constraints for table `upazila`
--
ALTER TABLE `upazila`
  ADD CONSTRAINT `FK_20ea6a33c001bc7618d09cfbeab` FOREIGN KEY (`division_id`) REFERENCES `division` (`id`) ON DELETE CASCADE,
  ADD CONSTRAINT `FK_7465637ecaf8f909ee087ffdc1d` FOREIGN KEY (`district_id`) REFERENCES `district` (`id`) ON DELETE CASCADE;
COMMIT;

/*!40101 SET CHARACTER_SET_CLIENT=@OLD_CHARACTER_SET_CLIENT */;
/*!40101 SET CHARACTER_SET_RESULTS=@OLD_CHARACTER_SET_RESULTS */;
/*!40101 SET COLLATION_CONNECTION=@OLD_COLLATION_CONNECTION */;
